id,kor_co_nm,fin_prdt_cd,fin_prdt_nm,join_way,mtrt_int,spcl_cnd,join_deny,join_member,etc_note,fin_co_subm_day,max_limit
1281,우리은행,WR0001F,우리SUPER주거래적금,"['영업점', '인터넷', '스마트폰', '전화(텔레뱅킹)']","만기 후
- 1개월이내 : 만기시점약정이율×50%
- 1개월초과 6개월이내: 만기시점약정이율×30%
- 6개월초과 : 만기시점약정이율×20%

※ 만기시점 약정이율 : 일반정기적금 금리","1. 거래실적 인정기간 동안 우리은행 입출식 계좌에서 아래 각 항목별 실적이 있는 월 수가 계약기간의 1/2이상인 경우
2. 우리은행 상품서비스 마케팅 동의 항목 중 전화(휴대폰) 및 SMS항목을 모두 동의한 후 만기해지시점까지 유지:연 0.1%p
3. 이 상품 가입 시 금리우대쿠폰을 적용한 경우",1,실명의 개인,"1. 가입기간 : 1년/2년/3년
2. 가입금액 : 월 50만원 이내",202411201104,-1
1282,우리은행,WR0001L,WON적금,"['스마트폰', '전화(텔레뱅킹)']","만기 후
- 1개월이내 : 만기시점약정이율×50%
- 1개월초과 6개월이내: 만기시점약정이율×30%
- 6개월초과 : 만기시점약정이율×20%

※ 만기시점 약정이율 : 일반정기적금 금리","1. 아래 각 항(가, 나)의 조건을 충족하는 경우 합산 최대 연 0.2%p 우대
가. 이 적금을 우리꿈통장, WON통장에 연결하여 가입하는 경우 : 0.1%p
나. 우리 오픈뱅킹 서비스에 타행계좌가 등록되어 있는 경우 : 연 0.1%p",1,실명의 개인,"1. 가입기간 : 1년
2. 가입금액 : 월 50만원 이내",202411201104,-1
1283,한국스탠다드차타드은행,00266451,퍼스트가계적금,"['영업점', '인터넷', '스마트폰']","만기 후 1개월: 약정이율의 50%
만기 후 1개월 초과 1년 이내: 약정이율의 30%
만기 후 1년 초과: 약정이율의 10%",없음,1,개인(개인사업자 포함),해당없음,202411201510,10000000
1284,아이엠뱅크,10521001000846001,내손안에 적금,['스마트폰'],"만기 후 1개월 미만 경과: 약정이자율 x 50%
만기 후 3개월 미만 경과: 약정이자율 x 25%
만기 후 3개월 이상 경과: 약정이자율 x 10%","* 최고우대금리 : 연0.55%p
 - 당행 인터넷/모바일뱅킹을 통하여 최초로 적립식예금 가입 시 : 연0.20%p
 - 상품 가입 전 최근 3개월 이내 당행 인터넷/모바일뱅킹을 통한 이체거래 3회 이상 : 연0.10%p
- 상품 가입 전 수수료우대 통장 보유 고객 : 연0.20%p
* 해당 상품을 모바일뱅킹을 통해 가입 : 연0.05%p",1,실명의 개인,1계좌당 가입한도 : 월 100만원(최저 10만원 이상),202411200926,1000000
1285,아이엠뱅크,10527001000925000,영플러스적금,"['영업점', '인터넷', '스마트폰']","만기 후 1개월 미만 경과: 약정이자율 x 50%
만기 후 3개월 미만 경과: 약정이자율 x 25%
만기 후 3개월 이상 경과: 약정이자율 x 10%","* 최고우대금리 : 연0.55%p
- 상품 가입 전 영플러스통장 보유 또는 재예치일 기준 영플러스통장 전월 평잔 10만원 이상 : 연0.10%p
- 예금기간 중 입금횟수 10회 이상 : 연0.10%p
- 입학 및 졸업 축하금리 : 연0.30%p
* 해당 상품을 인터넷/모바일뱅킹을 통해 가입 : 연0.05%p",3,만 29세 이하 실명의 개인,1계좌당 가입한도 : 월 50만원(최저 1만원 이상),202411200926,500000
1286,아이엠뱅크,10527001001272000,내가만든 보너스적금,"['영업점', '인터넷', '스마트폰']","만기 후 1개월 미만 경과: 약정이자율 x 50%
만기 후 3개월 미만 경과: 약정이자율 x 25%
만기 후 3개월 이상 경과: 약정이자율 x 10%","* 최고우대금리: 연0.80%p
- 인터넷/모바일뱅킹으로 신규: 연0.20%p
- 상품 가입 전 마케팅활용[개인(신용)정보수집이용동의] 전체 동의: 연0.20%p
(계약기간 1년인 경우 만기일 기준)
- 당행 계좌로 자동이체 8회 이상 입금: 연0.20%p
- 원금합계 100만원 이상: 연0.10%p 또는 원금합계 200만원 이상: 연0.20%p",1,실명의 개인,"1계좌당 가입한도 : 월20만원
(최저 1만원 이상)",202411200926,200000
1287,아이엠뱅크,10527001001278000,iM스마트적금,"['인터넷', '스마트폰']","만기 후 1개월 미만 경과: 약정이자율 x 50%
만기 후 3개월 미만 경과: 약정이자율 x 25%
만기 후 3개월 이상 경과: 약정이자율 x 10%","* 최고우대금리 : 연0.45%p
- 가입일로부터 3개월 이내 1가지 이상 요건 충족시 : 연0.20%p
① 당행 주택청약종합저축 보유
② 당행 신용(체크)카드 결제실적 보유(결제금액 출금기준)
- 전체 계약월수 중 1/2이상 당행 계좌에서 자동이체 납입 시 : 연0.20%p
* 해당 상품을 인터넷/모바일뱅킹을 통해 가입 : 연0.05%p",1,실명의 개인,1계좌당 가입한도 : 월 100만원(최저 5만원 이상),202411200926,1000000
1288,부산은행,01020400490002,펫 적금,"['영업점', '스마트폰']","- 만기후 1년이내:가입기간별 일반정기적금 기본이율 x 50%
- 만기후 1년초과:가입기간별 일반정기적금 기본이율 x 20%","*우대이율 6개월제 최대 0.55%, 12개월제 최대 0.90%",1,실명의 개인고객(1인 1계좌),"1. 가입한도: 월 1만원 이상 50만원 이하 원단위
2. 정기적립식",202411201024,500000
1289,부산은행,01020400510001,"저탄소 실천
적금","['영업점', '인터넷', '스마트폰']","- 만기후 1년이내:가입기간별 일반정기적금 기본이율 x 50%
- 만기후 1년초과:가입기간별 일반정기적금 기본이율 x 20%","조건 달성여부에 따라 우대금리 적용
*개인형 우대이율: 최대0.4%
*기업형(개인사업자 및 법인)우대이율: 최대0.4%",1,제한없음,"1. 가입한도: 월 1만원 이상 1천만원 이하 원단위 (월 1천만원 이하 불입 가능)
2. 자유적립식",202411201024,10000000
1290,부산은행,01020400530001,"BNK내맘대로 
적금","['영업점', '인터넷', '스마트폰']","- 만기후 1년이내:가입기간별 일반정기적금 기본이율 x 50%
- 만기후 1년초과:가입기간별 일반정기적금 기본이율 x 20%","*우대이율 최대 0.2%
- 신규시 우대이율 0.05% 및 해지시 우대이율 최대 0.15%",1,제한없음,"1. 가입금액 :
   1천원 이상
2. 가입기간 : 
6개월 이상 60개월 이하(일단위)",202411201024,-1
1291,부산은행,01020400660001,"부산이라 좋다
Big적금",['스마트폰'],"- 만기후 1년이내:가입기간별 일반정기적금 기본이율 x 50%
- 만기후 1년초과:가입기간별 일반정기적금 기본이율 x 20%","*우대이율 6개월 미만 최대2.00%, 6개월 이상 2.20%",1,실명의 개인고객(1인 1계좌),"1. 가입한도: 월 1천원 이상 100만원 이하 원단위
2. 자유적립식",202411201024,1000000
1292,부산은행,1020400640001,BNK아기천사적금,['스마트폰'],"- 만기후 1년이내:가입기간별 일반정기적금 기본이율 x 50%
- 만기후 1년초과:가입기간별 일반정기적금 기본이율 x 20%",*우대이율 최대 6.00%,1,실명의 개인고객(1인 1계좌),"1. 가입한도: 월 1만원 이상 30만원 이하 원단위
2.자유적립식",202411201024,300000
1293,광주은행,TD11330029000,해피라이프_여행스케치적금V,"['영업점', '스마트폰']","*만기후 1개월 이내: 만기일 당시 최초 가입 기간별 고시금리의 1/2 
*만기후 1개월 초과: 0.1%","▶ 최고우대금리 1.20%p  
①해피라이프_여행스케치외화적금V 동일자가입 0.5%p 
②해지원금 기준 500만원이상 : 최고0.2%p
③신용(체크)카드사용실적300만원이상:최고 0.3%p
④개인(신용)정보 동의: 0.2%p",1,"제한없음(단,국가및지방자치단체제외)","1. 가입기간 : 6개월이상 3년제
2. 가입금액 : 월5만원 이상 5백만원 이하 (1인1계좌)",202411201133,5000000
1294,광주은행,TD11330030000,여행스케치_남도투어적금,"['영업점', '스마트폰']","만기후 1개월 이내: 만기일 당시 최초 가입 기간별 고시금리의 1/2 
만기후 1개월 초과: 0.1%","▶ 최고우대금리 1.9%p 
①예금가입일~만기일전일까지 당행이선정한 전라남도 관광지 방문 인증시 : 최고 1.5%p
②신용(체크)카드사용실적300만원이상:최고 0.3%p
③개인(신용)정보 동의: 0.1%p",1,만14세이상 개인 및 개인사업자,"1. 가입기간 :12개월제,18개월제
2. 가입금액 : 월 5만원 이상 1백만원 이하 (1인1계좌)
※ 18개월 정액식 기본금리 3.3%, 최고금리 5.2%",202411201133,1000000
1295,광주은행,TD11330031000,VIP플러스적금,"['영업점', '인터넷', '스마트폰']","*만기후 1개월 이내: 만기일 당시 최초 가입 기간별 고시금리의 1/2 
*만기후 1개월 초과: 0.1%","▶ 최고우대금리 0.50%p  
①이 예금가입시 VIP고객이거나 가입일 이후부터 만기일전일까지 VIP고객에 선정된 경험이 있는 경우 : 0.3%p 
②이 예금 가입일에 정기예금 500만원이상(만기 1년이상) 가입하고 만기일 전일까지 유지한 경우 : 0.2%p",1,실명의 개인,"1. 가입기간 : 1년제
2. 가입금액 : 월10만원 이상 5백만원 이하 (1인1계좌)",202411201133,5000000
1296,제주은행,220002101,jbank 저금통적금,"['인터넷', '스마트폰']","- 만기후 1개월 이내 : (일반)정기적금 기본이자율의 50%
(단, 최저금리 0.1%)
- 만기후 1개월 초과 3개월 이내 : (일반)정기적금 기본이자율의 25%
(단, 최저금리 0.1%)
- 만기후 3개월 초과 : 0.1%","* 거래조건에 따라 최고 2.1%p 우대금리 적용
① 자투리 출금계좌 평잔 50만원 이상 유지 : 0.8%p
② 첫거래고객 or JBANK저금통적금 1개월 내 재신규 : 0.5%p
③ 신규가입 시점에서 적금 목표금액 최소 30만원 이상 설정하고, 적금 신규일로부터 3개월 내 잔액이 목표금액 이상인 경우 :0.5%p
④ 추천인 우대금리 : 0.30%p",1,개인 및 개인사업자,월 납입한도 50만원 이하,202411201112,500000
1297,제주은행,220002501,MZ 플랜적금,"['영업점', '인터넷', '스마트폰']","- 만기후 1개월 이내 : (일반)정기적금 기본이자율의 50%
(단, 최저금리 0.1%)
- 만기후 1개월 초과 3개월 이내 : (일반)정기적금 기본이자율의 25%
(단, 최저금리 0.1%)
- 만기후 3개월 초과 : 0.1%","①매월 1회이상 지속적 납입시:1년제: 0.50%
② 목표 금액 달성:0.50%
③ 신용카드,체크카드 합산 사용액 월10만원 이상 사용: 0.50%
* 청년이니까응원합니다 이벤트 : 0.50%",1,개인 및 개인사업자,월 납입한도 30만원 이하,202411201112,300000
1298,제주은행,220002701,탐이나요적금,"['인터넷', '스마트폰']","- 만기후 1개월 이내 : (일반)정기적금 기본이자율의 50%
(단, 최저금리 0.1%)
- 만기후 1개월 초과 3개월 이내 : (일반)정기적금 기본이자율의 25%
(단, 최저금리 0.1%)
- 만기후 3개월 초과 : 0.1%","우대요건 충족시 최고 2.7%p 추가 우대(만기시 제공)매월 JBANK로그인 시 0.2%,한 가지라도 수행시 2.5% 제공①추천인 코드로 3명 이상 가입시 ②탐나는전 체크카드 월30만원 이상 사용 유지 ③탐나는전 선불카드 충전계좌를 당행 입출금계좌로 등록 후 평잔 50만원 이상 유지 시",1,개인 및 개인사업자,월 납입한도 100만원 이하,202411201112,1000000
1299,전북은행,10-01-30-031-0018-0000,JB 다이렉트적금(자유적립식),"['인터넷', '스마트폰']","√만기후 1개월이내 경과분 : 만기일 현재 계약기간별 정기적금(자유적립식) 실행이율의 1/2
√만기후 1개월초과 경과분 : 연 0.1%","추가우대금리 :
당행 계좌간 자동이체를 통해 이 예금으로 자동이체 된 금액에 0.1% 금리 우대",1,실명의 개인 및 개인사업자(임의단체 제외),"1. 초회불입금 1만원이상, 1인당 월별 최고 1천만원이내
2. 만기직전 1개월간 적립합계는 이전기간 적립금액을 초과할 수 없음
3. 인터넷뱅킹/스마트폰뱅킹 가입상품",202411201630,10000000
1300,전북은행,10-01-30-031-0036,JB 다이렉트적금(정액적립식),"['인터넷', '스마트폰']","√만기후 1개월이내 경과분 : 만기일 현재 계약기간별 정기적금(정액적립식) 실행이율의 1/2
√만기후 1개월초과 경과분 : 연 0.1%","추가우대금리 :
당행 계좌간 자동이체를 통해 6회이상 입금한 경우 
연 0.1% 금리우대",1,실명의 개인 및 개인사업자(임의단체 제외),"1. 초회불입금 1만원이상, 1인당 월별 최고 5백만원이내
2. 인터넷뱅킹/스마트폰뱅킹 가입상품",202411201630,5000000
1301,전북은행,10-01-30-031-0049-0000,3초 플레이 적금,['스마트폰'],"√만기후 1개월이내 경과분 : 만기일 현재 계약기간별 정기적금(정액적립식) 실행이율의 1/2
√만기후 1개월초과 경과분 : 연 0.1%","1. 만기 전전월까지 게임 50회 참여시 0.9%
2. 3초 플레이 적금 게임에 참여하여 획득한 점수 총 합에 따라 추가 우대금리 (연0.5% ~ 연3.0%)
3. 가입기간 내 오픈뱅킹을 통해 계좌 추가 등록/유지시 우대 0.1%

※거래실적 인정기준 세부내용은 홈페이지 참조",1,실명의 개인 및 개인사업자(1인 1계좌),"계약기간 6개월
월별 적립한도 5만원 이상 최고 50만원 이하 (1인 1계좌)",202411201632,500000
1302,경남은행,21000111,행복 DREAM 적금,"['영업점', '인터넷', '스마트폰']","만기후 1개월 이내: 일반정기예금 기본이율의 50%
만기후 1개월 초과: 일반정기예금 기본이율의 20%","①신규일로부터 6개월전까지 당행 적금 미보유 0.2%
②월부금이 50만원 이상인 경우 0.20%
③이 예금을 자동이체로 납입하는 경우 0.2%
④신용(체크)카드 최초발급 후 10만원 이내 이용 0.2%
⑤ 전자명함을 통한 신규 시 0.2%",1,실명의 개인 및 개인사업자,"1. 계약기간은 1년 이상 3년 이하 월단위로 한다.
2. 적립금액은 5만원 이상, 최고금액은 제한없음",202411201002,999999999
1303,경남은행,21001116,BNK더조은자유적금,"['인터넷', '스마트폰']","만기후 1개월 이내: 일반정기예금 기본이율의 50%
만기후 1개월 초과: 일반정기예금 기본이율의 20%","①오픈뱅킹서비스 가입 0.20%(만기까지 유지)
②당행 입출금통장에서 자동이체시 입금건별 0.20%
③이 상품 신규시 금리우대쿠폰을 등록할 경우 0.30%",1,"거래대상자는 제한을 두지 아니한다. 다만, 국가 및 지방자치단체는 이 예금을 거래할 수 없다.","1. 계약기간은 6개월 이상 2년 이내 월단위로 한다.
2. 초입금 1만원 이상 월별 500만원 이내에서 자유롭게 저축
3. 최대 저축횟수는 999회 이내",202411201002,5000000
1304,경남은행,21001199,BNK 위더스자유적금,"['영업점', '인터넷', '스마트폰', '기타']","만기후 1개월 이내: 일반정기예금 기본이율의 50%
만기후 1개월 초과: 일반정기예금 기본이율의 20%","①ESG 실천 우대금리 0.50%
②신규고객 우대금리 0.50%
- 당행 1년 이내예적금(청약포함)신규해지 이력미보유
③공동가입우대금리 1.50%",1,실명의 개인 및 개인사업자,"1.계약기간은 1개월 이상 36개월 이하 월단위로 한다.
2..1인 1계좌로 가입가능
2.매월 최소 1만원 이상, 최고 월 100만원 이하 (천원 단위)",202411201002,1000000
1305,경남은행,21001236,주거래 프리미엄 적금,"['영업점', '인터넷', '스마트폰']","만기후 1개월 이내: 일반정기예금 기본이율의 50%
만기후 1개월 초과: 일반정기예금 기본이율의 20%","①주거래우대 0.50%
②공과금 자동이체 0.40~0.60%
③신규고객 0.20%
④주택청약종합저축 보유 0.10%
⑤ 전자명함을 통한 신규 시 0.2%",1,실명의 개인 및 개인사업자,"1.계악기간은 1년제, 2년제, 3년제로 한다.
2. 적립금액은 매월 1만원이상, 최고금액은 제한없음",202411201002,999999999
1306,경남은행,21001259,오늘도세이브적금,"['인터넷', '스마트폰', '기타']","만기후 1개월 이내: 일반정기예금 기본이율의 50%
만기후 1개월 초과: 일반정기예금 기본이율의 20%","①마케팅동의 0.15%
②목돈마련 축하이율 0.30~1.00%
③친구 추천번호 0.30~0.60%",1,실명의 개인 및 개인사업자,"1. 계약기간은 1개월 이상 6개월 이내 월단위로 한다.
2. 초입금 일 1천원 이상 10만원 이하 자유롭게 저축
3. 최대 저축횟수는 999회 이내",202411201002,100000
1307,경남은행,21001268,터치적금,['스마트폰'],"만기후 1개월 이내: 일반정기예금 기본이율의 50%
만기후 1개월 초과: 일반정기예금 기본이율의 20%","①첫거래고객(적금가입 전일기준 당행 활동계좌 미보유) 2.50%
②기간내 적금 입금일마다 0.10%씩 우대(최대2.50%)
③마케팅동의 및 모바일메세지 수신동의 만기유지 시 0.50%",1,실명의 개인 및 개인사업자,"1. 계약기간은 1개월로 한다.
2. 초입금 일 1천원 이상 3만원 이하 자유롭게 저축
3. 최대 저축횟수는 999회 이내",202411201002,30000
1308,중소기업은행,01211210113,IBK D-day적금(자유적립식),['스마트폰'],"만기일 당시 정기적금 만기후금리 적용
- 1개월 이내: 만기일 당시 약정금리x50%
- 1월 초과 6개월 이내: 만기일 당시 약정금리x30%
- 6개월 초과: 만기일 당시 약정금리x20%","최고 연 1.5%p
1. 목표달성 축하금리 : 연 1.0%p
  - 당행 입출금식 계좌에서 이 적금으로 자동이체를 통해 3회 이상 납입하고 만기일 전일까지 목표금액(신규 시 직접 설정) 이상 납입하는 경우
2. 최초거래고객 우대금리 : 연 0.5%p",1,"실명의 개인
(개인사업자 제외)","1인당 3계좌 가입 가능하며, 계좌당 20만원 이내 납입 가능",202411201030,600000
1309,중소기업은행,01211210121,IBK탄소제로적금(자유적립식),['스마트폰'],"만기일 당시 정기적금 만기후금리 적용
- 1개월 이내: 만기일 당시 약정금리x50%
- 1월 초과 6개월 이내: 만기일 당시 약정금리x30%
- 6개월 초과: 만기일 당시 약정금리x20%","최고 연 2.00%p
1. 에너지 절감 우대금리 : 최대 연 1.00%p
2. 최초거래고객 우대금리 : 연 0.50%p
3. 지로 또는 공과금 자동이체 우대금리 : 연 0.50%p",1,"실명의 개인
(개인사업자 제외)","1인당 1계좌 가입 가능하며, 계좌당 최소 1만원 이상 1백만원까지 납입 가능",202411201030,1000000
1310,중소기업은행,01211210122,"IBK중기근로자우대적금
(자유적립식)","['영업점', '스마트폰']","만기일 당시 정기적금 만기후금리 적용
- 1개월 이내: 만기일 당시 약정금리x50%
- 1월 초과 6개월 이내: 만기일 당시 약정금리x30%
- 6개월 초과: 만기일 당시 약정금리x20%","최고 연 2.20%p
1. 가입시점 중소기업 근로자로 확인된 경우 : 재직기간에 따라 최고 연 1.2%p
2. 당행 급여이체 실적(월50만원 이상) 6개월 이상
   인 경우 : 연 1.0%p",3,"중소기업에서 근무하는
실명의 개인
(개인사업자 제외)","1인당 1계좌 가입 가능하며, 계좌당 100만원까지 납입 가능",202411201030,1000000
1311,한국산업은행,03101,KDB 기업정기적금,"['영업점', '인터넷']","* 만기후 1년 이내 : 만기일 현재 고시된 일반 정기적금 해당예금기간 기본이율의 1/2
* 만기후 1년 초과 : 만기일 현재 고시된 보통예금 이율",해당없음,1,"개인사업자, 조합(비영리법인 포함), 법인",해당없음,202411200939,-1
1312,한국산업은행,03700,KDB 자유적금,"['영업점', '인터넷', '스마트폰']","* 만기후 1년 이내 : 만기일 현재 고시된 일반 정기적금 해당예금기간 기본이율의 1/2
* 만기후 1년 초과 : 만기일 현재 고시된 보통예금 이율",해당없음,1,"개인, 개인사업자, 임의단체",해당없음,202411200939,5000000
1313,국민은행,010200100051,KB국민프리미엄적금(정액),"['영업점', '인터넷', '스마트폰', '전화(텔레뱅킹)']","- 1개월 이내 : 기본이율 X 50%
- 1개월 초과  ~ 3개월 이내 : 기본이율 X 30%
- 3개월 초과 : 0.1%","① 단체가입/나라사랑/쿠폰 우대이율: 
    1년: 연 0.6%p, 2년: 연 0.7%p,
    3년: 연 0.9%p, 5년: 연 1.0%p 
   (중복적용되지 않음, 계약기간별차등적용)
② 교차거래 우대이율: 연 0.3%p",1,실명의 개인,1인 1계좌,202411201057,-1
1314,국민은행,010200100084,KB맑은하늘적금,"['영업점', '인터넷', '스마트폰']","- 1개월 이내 : 기본이율 X 50%
- 1개월 초과  ~ 3개월 이내 : 기본이율 X 30%
- 3개월 초과 : 0.1%","맑은하늘을 위한 미션별 제공조건을 달성할 때 각 미션별 우대이율 제공
- 1년제 최고 연 0.8%p, 2년제 최고 연 0.9%p, 3년제 최고 연 1.0%p
① 종이통장 줄이기 미션:연 0.1%p
② 종이서식 줄이기 미션:연 0.2%p
③ 대중교통 미션:1년제 연 0.4%p, 2년제 연 0.5%p, 3년제 연 0.6%p
④ 퀴즈미션:연 0.1%p",1,실명의 개인,"공동명의 불가
(1인 최대 3계좌)",202411201057,-1
1315,국민은행,010200100092,KB반려행복적금,['스마트폰'],"- 1개월 이내 : 기본이율 X 50%
- 1개월 초과  ~ 3개월 이내 : 기본이율 X 30%
- 3개월 초과 : 0.1%","항목별 적용 조건 충족시, 최고 연 1.5%p
① 반려동물 등록: 연 0.2%p
② 미지(유기)입양: 연 0.2%p
③ 반려동물애정활동: 연 0.2%p
④ 반려동물요금제: 연 0.2%p
⑤ KB거래감사: 연 0.2%p
⑥ KB첫거래: 연 0.5%p",1,실명의 개인,"공동명의 불가
(1인 최대 3계좌)",202411201057,-1
1316,국민은행,010200100104,KB 특★한 적금,['스마트폰'],"- 1개월 이내 : 기본이율 X 50%
- 1개월 초과  ~ 3개월 이내 : 기본이율 X 30%
- 3개월 초과 : 0.1%","항목별 적용 조건 충족시, 최고 연 4.0%p
① 목표달성 축하 우대이율: 최고 연 1.0%p
    50만원 이하: 연 0.5%p, 50만원 초과: 연 1.0%p 
② 별 모으기 우대이율 : 최고 연 1.0%p
    10개: 연 0.5%p, 20개: 연 1.0%p
③ 함께해요 우대이율: 최고 연 2.0%p",1,실명의 개인,"개인사업자, 임의단체 및
공동명의 가입 불가
(1인 최대 3계좌)",202411201057,-1
1317,국민은행,010200100109,KB차차차 적금,['스마트폰'],"- 1개월 이내 : 기본이율 X 50%
- 1개월 초과  ~ 3개월 이내 : 기본이율 X 30%
- 3개월 초과 : 0.1%","항목별 적용 조건 충족시, 최고 연 5.5%p
① 혜택수신 우대이율: 연 1.0%p
② KB패밀리 우대이율: 연 1.0%p
③ KB국민인증 우대이율: 연0.5%p 
④ 내차든든 우대이율: 연 3.0%P",1,만19세이상 실명의 개인,"- 개인사업자, 임의단체 및 공동명의 가입 불가
(1인 1계좌) 
- KB스타뱅킹 전용상품",202411201057,-1
1318,신한은행,230-0119-85,신한 알.쏠 적금,"['영업점', '스마트폰']","-1개월 이하:(일반) 정기적금 기본금리 1/2
(단, 최저금리 0.10%)
-1개월 초과~6개월 이하: (일반) 정기적금 기본금리의 1/4
(단, 최저금리 0.10%)
-6개월 초과 0.10%","※가산금리 최고 연 1.30%
- 소득이체 : 연 0.6%
- 카드이용 : 연 0.3%
- 오픈뱅킹 : 연 0.6%
- 청약보유 : 연 0.3%
- 마케팅동의 : 연 0.1%
※ 우대금리 항목별 자세한 적용 조건은 상품설명서 참조",1,제한없음,"1. 가입한도: 
월300만원 이하
2. 1인 다계좌",202411200925,3000000
1319,농협은행주식회사,10-047-1360-0002,NH올원e 미니적금,['스마트폰'],"만기후 1년 이내 : 만기시점 계약기간별 자유로우대적금 기본금리의 1/2
만기후 1년 초과 : 보통예금 금리","1. 자동이체 입금횟수 우대금리 : 최고 0.5%p
 - 5회이상 : 0.2%p, 10회이상 : 0.3%p, 15회이상 0.5%p
2. 목표금액 달성 축하금리  : 0.5%p
3. MZ세대(만 19~34세)) 우대금리 : 0.5%p
4. 직전 1년간 당행 예적금(청약포함) 미보유 고객 : 0.2%p",1,개인,"가입기간 1개월 이상 6개월 이하(일 단위)

초입금 및 매일 1천원이상  5만원이내(천원 단위)",202411210913,1550000
1320,농협은행주식회사,10-047-1365-0001,NH1934월복리적금,"['영업점', '인터넷', '스마트폰']","만기후 1년 이내 : 만기시점 계약기간별 기본금리의 1/2
만기후 1년 초과 : 보통예금 금리","1. 급여실적 : 1.0%p (①/② 중복 적용 불가)
 ① 급여이체 실적 : 1.0%p
 ② 개인사업자 계좌 실적 :1.0%p
2. 비대면 채널 이체 실적 : 0.3%p
3. 마케팅 동의 : 0.2%p
4. 농업계고 및 청년농부사관학교 졸업자 : 2.0%p",3,만19세~만34세 개인 및 개인사업자,"초입금 및 매회 1만원 이상, 월 50만원 이내 자유적립

급여이체 실적과 개인사업자 계좌 실적 우대금리는 중복 적용 불가

 * 급여입금실적 인정기준
  - 가입기간 12개월 이하 : 3개월 이상 급여이체
  - 가입기간 24개월 이하 : 12개월 이상 급여이체",202411210913,500000
1321,농협은행주식회사,10-047-1381-0001,NH내가Green초록세상적금,"['영업점', '인터넷', '스마트폰']","만기후 1년 이내 : 만기시점 계약기간별 기본금리의 1/2
만기후 1년 초과 : 보통예금 금리","※ 우대금리 최대한도 : 1.0%p(연%, 세전)
1. 온실가스 줄이기 실천서약서 동의 : 0.1%p
2. 통장미발급 : 0.3%p
3. 손하나로인증 서비스 등록 : 0.2%p
4. 대중교통이용 : 0.2%p
5. NH내가Green초록세상예금 동시 보유 : 0.2%p",1,개인,"초입금5만원 이상 및 매회 1만원 이상, 매월50만원이내
(단, 만기일 전 3개월 이내에는 이전 적립금 합계액을 초과하여 입금불가)

※자세한 사항은 상품설명서 참조",202411210913,500000
1322,농협은행주식회사,10-047-1387-0001,NH고향사랑기부적금,"['영업점', '인터넷', '스마트폰']","만기후 1년 이내 : 만기시점 계약기간별 기본금리의 1/2
만기후 1년 초과 : 보통예금 금리","1. 고향사랑기부금 납부고객 우대 : 0.5%p

2-1. 만 65세 이상 고령자 우대 : 0.1%p
2-2. 만 19~34세 MZ고객 우대 : 0.3%p

3. NH채움카드 또는 [zgm.고향으로 카드] 이용실적 우대 : 0.1%p

4. 고향사랑특별금리 : 0.1%p(금리시장상황에 따라 변동 가능)
 - 고향사랑특별금리는 상품 가입고객 모두에게 적용",1,개인,"1.초입금1만원 이상 및 매회 1천원 이상, 매월50만원이내

2. 고향사랑기부금 우대금리는 농협은행/농축협 영업점 또는 고향사랑e음 홈페이지를 통한 고향사랑기부금 납부실적이 확인되는 경우 제공

3. 연간 판매액의 0.1% 공익기금 적립

※자세한 사항은 상품설명서 참조",202411210913,500000
1323,농협은행주식회사,10-059-1264-0001,NH직장인월복리적금,"['영업점', '인터넷', '스마트폰']","만기후 3개월 이내 : 만기시점 국고채 1년물 금리
만기후 1년 이내 : 만기시점 채움적금 계약기간별 고시금리의 50%
만기후 1년 초과 : 만기시점 보통예금 금리","1. 급여입금실적 보유 고객 중
 - 가입기간 중 3개월 이상 급여이체시 : 0.3%p
 - 주택청약종합저축 또는 펀드가입 : 0.2%p
 - NH채움카드 결제실적 1백만원 이상 : 0.2%p
2. 인터넷(스마트)뱅킹 또는 올원뱅크로 가입 : 0.1%p",3,만18세이상 개인,"초입금 및 매회 입금 1만원 이상 원 단위,  1인당 분기별 3백만원 이내 적립 가능
(단,계약기간 3/4 경과 후 적립할 수 있는 금액은 이전 적립누계액의 1/2이내)",202411210913,3000000
1324,하나은행,52,주거래하나 월복리적금,"['영업점', '인터넷', '스마트폰']","1개월 이내 : 지급당시 해당기간별 일반정기적금 기본금리 1/2
1개월 초과 : 지급당시 해당기간별 일반정기적금 기본금리 1/4","최고 연1.0%
- 주거래하나우대(연 0.5%) : 적금만기 전전월말기준 본인명의 당행입출금통장을 통해 계약기간 1/2이상 이체된 주거래실적 1종  - 주거래플러스우대(연 0.9%) : 주거래 하나우대와 동일요건의 거래실적 2종이상 경우 
- 온라인.재예치우대 연 최대 0.1%",1,"실명의 개인
또는 개인사업자","1. 1인 1계좌만 가능
(급여하나월복리적금,연금하나 월복리적금과 중복가입 불가)
2. 가입금액 
 - 최저1만원~300만원이하
3. 적립한도
 분기당 1만원이상 300만원
 (자유적립식)",202411200908,3000000
1325,하나은행,53,내맘적금,"['영업점', '인터넷', '스마트폰', '전화(텔레뱅킹)']","1개월 이내 : 지급당시 해당기간별 일반정기적금 기본금리 1/2
1개월 초과 : 지급당시 해당기간별 일반정기적금 기본금리 1/4",하나은행 통장에서 계약기간의 1/2이상 월부금 자동이체실적 충족 시 연 0.50%,1,"실명의 개인
또는 개인사업자(1인 다계좌 가능)","1. 1인 다계좌 가능
2. 가입금액
   - 1천원 이상~1,000만원 이하(원단위)
3. 적립한도
    - 자유적립식 : 매월 1원 이상~1,000만원 이하(원단위)
    - 정액적립식 : 매월 1천원 이상~1,000만원 이하(원단위)",202411200908,10000000
1326,주식회사 케이뱅크,01012000200000000003,코드K 자유적금,['스마트폰'],"만기 후 
- 1개월 이내: 만기시점 기본금리 X 50% 
- 1개월 초과 ~ 6개월 이내: 만기시점 기본금리 X 30%
- 6개월 초과: 연 0.20%",금리우대 코드를 입력하는 경우 우대금리 적용,1,만 17세 이상 실명의 개인 및 개인사업자,"가입금액: 1만원 이상 30만원 이하
가입기간: 6개월, 1년, 2년, 3년 
(1인 최대 15계좌)",202411201000,300000
1327,주식회사 케이뱅크,01012000200000000004,궁금한 적금,['스마트폰'],"만기 후 
- 1개월 이내: 만기시점 기본금리 X 50% 
- 1개월 초과 ~ 6개월 이내: 만기시점 기본금리 X 30%
- 6개월 초과: 연 0.20%","입금할 때마다 우대금리를 랜덤으로 제공하며, 입금 시 제공되는 우대금리를 누적으로 합산하여 만기 해지 시 적용 (최고 연 6.0%)",1,만 17세 이상 실명의 개인 및 개인사업자,"가입금액: 0원
가입기간: 31일
(1인 최대 1계좌)
적립방법 : 연결계좌를 통한 직접 입금만 가능하며, 입금은 신규일부터 만기일 전일까지 1일 1회 가능
납입금액 : 1일(1회) 최소 100원, 최대 5만원",202411201000,-1
1328,주식회사 케이뱅크,01012000210000000000,주거래우대 자유적금,['스마트폰'],"만기 후 
- 1개월 이내: 만기시점 기본금리 X 50% 
- 1개월 초과 ~ 6개월 이내: 만기시점 기본금리 X 30%
- 6개월 초과: 연 0.20%","급여이체 또는 통신비 자동이체, 체크카드 고객에게 우대금리 제공 (최고 연 0.6%)",1,만 17세 이상 실명의 개인 및 개인사업자,"가입금액: 1천원 이상 300만원 이하
가입기간: 6개월 ~ 36개월
(1인 최대 3계좌)",202411201000,3000000
1329,수협은행,10140114300011,"Sh해양플라스틱Zero!적금
(정액적립식)","['영업점', '인터넷', '스마트폰']","* 만기후 1년 이내
 - 만기당시 일반정기적금 
계약기간별 기본금리 1/2
* 만기후 1년 초과
 - 만기당시 보통예금 기본금리","* 최대우대금리:0.5%
1. 해양플라스틱감축서약 : 0.1% (신규시) 
2. 봉사활동 또는 상품홍보 : 0.2% (만기시) 
3. 입출금통장 최초신규 : 0.2% (만기시)
4. 자동이체 출금실적 : 0.2% (만기시)
 - 수협신용카드 / 당행 펀드 / 수협체크카드
※단위:연%p",1,실명의 개인,"- 1인 1계좌 
- 월 가입한도 : 100만원",202411201045,1000000
1330,수협은행,10141109800021,Sh월복리자유적금,"['영업점', '인터넷', '스마트폰']","* 만기후 1년 이내
 - 만기당시 상호부금
계약기간별 기본금리 1/2
* 만기후 1년 초과
 - 만기당시 보통예금 기본금리","*최대우대금리:0.7%
-첫거래고객:0.3%
-카드거래:최대0.3%
-복수거래:0.1%
-요구불거래:최대0.2%
-인터넷뱅킹고객:0.1%
-자동이체실적:0.1%
※단위:연%p",1,실명의 개인 및 개인사업자,"- 1인 1계좌
- 월 가입한도 : 100만원",202411201045,1000000
1331,수협은행,10141114300011,"Sh해양플라스틱Zero!적금
(자유적립식)","['영업점', '인터넷', '스마트폰']","* 만기후 1년 이내
 - 만기당시 상호부금 
계약기간별 기본금리 1/2
* 만기후 1년 초과
 - 만기당시 보통예금 기본금리","* 최대우대금리:0.5%
1. 해양플라스틱감축서약 : 0.1% (신규시) 
2. 봉사활동 또는 상품홍보 : 0.2% (만기시) 
3. 입출금통장 최초신규 : 0.2% (만기시)
4. 자동이체 출금실적 : 0.2% (만기시)
 - 수협신용카드 / 당행 펀드 / 수협체크카드
※단위:연%p",1,실명의 개인,"- 1인 1계좌 
- 월 가입한도 : 20만원",202411201045,200000
1332,주식회사 카카오뱅크,10-01-30-355-0002,카카오뱅크 자유적금,['스마트폰'],"- 만기 후 1개월 이내 : 가입(또는 자동연장)시점 기본금리x50%
- 만기 후 1개월초과 3개월 이내 : 가입(또는 자동연장)시점 기본금리x30%
- 만기 후 3개월 초과 : 0.20%","자동이체시 우대금리 제공 : 연 0.20%p
 - 제공조건 : 전체 계약월수의 1/2이상을 자동이체로 납입하고 만기 해지하는 경우
 - 유의사항 : 만기 자동연장된 원리금은 우대금리를 제공하지 않음",1,만 17세 이상의 실명의 개인,"1. 가입방법 : 스마트폰
2. 가입금액 : 1천원 이상(원단위)
3. 가입기간 : 6개월 이상 ~ 36개월 이하(월, 일단위 지정 가능)
4. 월 적립한도 : 1천원 이상 월 300만원 이하 원단위(단, 자동연장된 원리금은 월 적립한도에 포함되지 않음)",202411201122,-1
1333,주식회사 카카오뱅크,10-01-30-355-0005,카카오뱅크 26주적금,['스마트폰'],"- 만기 후 1개월 이내 : 가입시점 기본금리x50%
- 만기 후 1개월초과 3개월 이내 : 가입시점 기본금리x30%
- 만기 후 3개월 초과 : 0.20%","자동이체 연속 성공 우대금리 제공 : 최고 연 3.00%p
- 제공조건
① 7주차까지 자동이체 납입을 연속 성공하고 만기해지 하는 경우 연 1.00%p 제공
② 26주차까지 자동이체 납입을 연속 성공하고 만기해지 하는 경우 연 2.00%p 추가 제공
- 유의사항 : 자동이체 실패한 주차를 빈자리채우기 하여도 성공으로 인정되지 않음",1,만 17세 이상의 실명의 개인,"1. 가입방법 : 스마트폰
2. 가입금액 : 1천원, 2천원, 3천원, 5천원, 1만원
3. 가입기간 : 6개월
4. 26주적금서비스(자동이체)를 통해서 납입이 가능하며, 그 외의 입금은 모두 제한됨
(단, 26주적금 서비스를 통한 납입 실패 시 빈자리 채우기로 납입 가능)",202411201122,-1
1334,주식회사 카카오뱅크,10-01-30-355-0006,카카오뱅크 한달적금,['스마트폰'],"- 만기 후 1개월 이내 : 가입시점 기본금리x50%
- 만기 후 1개월초과 3개월 이내 : 가입시점 기본금리x30%
- 만기 후 3개월 초과 : 0.20%","매일/보너스 우대금리 제공 : 최고 연 5.50%p
- 제공조건
① 매일 우대금리 : 매 입금 시 마다 연 0.10%p 제공(최대 연 3.10%p)
② 보너스 우대금리 : 누적하여 5/10/15/20/25/31회 입금 시 해당 우대금리 제공(최대 연 2.40%p)
- 유의사항 : 만기 해지하는 경우에만 제공",1,만 17세 이상의 실명의 개인,"1. 가입방법 : 스마트폰
2. 납입금액 : 1회 100원 이상 3만원 이하(원단위)
3. 가입기간 : 31일
4. 직접 납입을 통해서 1일 1회만 입금 가능하며, 그 외의 입금은 모두 제한됨",202411201122,-1
1335,토스뱅크 주식회사,1001303001001,토스뱅크 키워봐요 적금,['스마트폰'],"· 만기 후 1개월 이내 : 만기시점 기본금리 X 50% 
· 만기 후 1개월 초과 3개월 이내 : 만기시점 기본금리 X 20% 
· 만기 후 3개월 초과 : 연 0.10%",· 적금 가입 시 설정되는 주 단위 자동이체를 통하여 25회 이상 적립한 경우 : 연 2.00% 제공,1,· 토스뱅크 통장 또는 토스뱅크 서브 통장을 보유한 실명의 개인,"· 1인 1계좌 (단, 이벤트 등으로 토스뱅크가 복수의 계좌개설을 허용하는 경우 추가 개설 가능)
· 가입금액 : 0원
· 우대금리는 우대조건을 달성하고 만기 해지하는 경우에만 제공됨",202411200944,1000000
1336,토스뱅크 주식회사,1001303001003,토스뱅크 굴비 적금,['스마트폰'],"· 만기 후 1개월 이내 : 만기시점 기본금리 X 50% 
· 만기 후 1개월 초과 3개월 이내 : 만기시점 기본금리 X 20% 
· 만기 후 3개월 초과 : 연 0.10%",· 만기 해지 시 : 연 2.50% 제공,1,· 토스뱅크 통장 또는 토스뱅크 서브 통장을 보유한 실명의 개인,"· 1인 1계좌 (단, 이벤트 등으로 토스뱅크가 복수의 계좌개설을 허용하는 경우 추가 개설 가능)
· 가입금액 : 0원
· 우대금리는 만기 해지하는 경우에만 제공됨",202411200944,300000
1337,토스뱅크 주식회사,1001303001004,토스뱅크 자유 적금,['스마트폰'],"· 만기 후 1개월 이내 : 만기시점 기본금리 X 50% 
· 만기 후 1개월 초과 3개월 이내 : 만기시점 기본금리 X 20% 
· 만기 후 3개월 초과 : 연 0.10%",· 적금 가입 시 설정되는 월 단위 자동이체를 모두 성공하는 경우 : 연 0.50% 제공,1,· 토스뱅크 통장 또는 토스뱅크 서브 통장을 보유한 실명의 개인,"· 1인 1계좌 (단, 이벤트 등으로 토스뱅크가 복수의 계좌개설을 허용하는 경우 추가 개설 가능)
· 가입금액 : 0원 이상 300만원 이하
· 우대금리는 만기 해지하는 경우에만 제공됨",202411200944,3000000
1338,토스뱅크 주식회사,1001303001005,토스뱅크 아이 적금,['스마트폰'],"· 만기 후 1개월 이내 : 만기시점 기본금리 X 50% 
· 만기 후 1개월 초과 3개월 이내 : 만기시점 기본금리 X 20% 
· 만기 후 3개월 초과 : 연 0.10%",· 적금 가입 시 설정되는 월 단위 자동이체를 모두 성공하는 경우 : 연 2.50% 제공,3,· 토스뱅크 아이 통장을 보유한 15세 이하 실명의 개인,"· 1인 1계좌 
· 가입금액 : 0원
· 우대금리는 만기 해지하는 경우에만 제공됨",202411200944,200000
1339,애큐온저축은행,HK00002,정기적금,"['영업점', '인터넷', '스마트폰', '전화(텔레뱅킹)']","만기후 1개월 이내 해지 시 : 약정금리(2019.07.01 신규부터 적용)
만기후 1개월 초과 이후 해지 시 : 보통예금이율(2019.07.01 신규부터 적용)",없음,1,제한없음,불입금액 : 1만원 이상,202312261618,-1
1340,애큐온저축은행,HK00003,직장인우대적금,"['영업점', '인터넷', '스마트폰']","만기후 1개월 이내 해지 시 : 약정금리(2019.07.01 신규부터 적용)
만기후 1개월 초과 이후 해지 시 : 보통예금이율(2019.07.01 신규부터 적용)","최대 연 0.50% 우대금리 적용
※ 우대금리 적용조건 
① 첫거래고객(가입시점 당행에 적립식 및 거치식 예금 미보유 고객) : 연 0.2%
② 전자금융거래로 이체/신규/만기해지 7회이상(신규가입일~만기일) : 연 0.1%
③ 개인정보 수집이용 동의(마케팅목적) : 연 0.1%",1,만 19세이상 직장인,"불입금액 : 1만원 이상
1인 1계좌",202312261618,1000000
1341,애큐온저축은행,HK00101,다모아자유적금2,['스마트폰'],"만기후 1개월 이내 해지 시 : 약정금리(2019.07.01 신규부터 적용)

만기후 1개월 초과 이후 해지 시 : 보통예금이율(2019.07.01 신규부터 적용)","가입일 ~ 만기일까지 마케팅 동의 유지 : 1.0%

만기시까지 당행 오픈뱅킹 잔액모으기를 통한 해당 적금불입횟수 10회이상 : 1.5%",1,제한없음,"가입금액 1천원~20만원
1인1계좌
오픈뱅킹전용가입상품",202312270852,200000
1342,오에스비저축은행,31000,정기적금,"['영업점', '인터넷', '스마트폰']","- 만기 후 1개월 이내: 가입 시 약정금리와 만기 시 동일 상품의 금리 중 낮은 금리 적용
- 만기 후 1개월 경과: 보통예금 금리(0.2%)",없음,1,제한없음,"-월 불입금 1만원 이상
-6개월 이상 ~ 60개월 까지 (월 단위 가능)
-만기시 이자지급",202411150856,-1
1343,오에스비저축은행,31003,프리스타일적금,"['영업점', '인터넷', '스마트폰']","- 만기 후 1개월 이내: 가입 시 약정금리와 만기 시 동일 상품의 금리 중 낮은 금리 적용
- 만기 후 1개월 경과: 보통예금 금리(0.2%)",없음,1,제한없음,"-월 불입금 1만원 이상
-12개월 이상 ~ 36개월 까지 (월 단위 가능)
-만기시 이자지급
-월중 입금액은 계약금액의 10%를 초과할 수 없으며, 만기일로부터 1개월 이내는 납입불가",202411150856,-1
1344,디비저축은행,0803,M-Dream Big 자유적금 (모바일),['스마트폰'],"- 1개월 이하: 기본이율
- 1개월 초과: 0.5% 
기본이율: 신규일 당시 고시이율(단, 우대이율 제외)",* 우대이율: 만기 유지시 만기축하 이율 연 0.40% 적용 - 기본이율 3.60% + 우대이율 0.40% ※ 우대이율은 중도해지시에는 적용되지 않습니다. - 자세한 내용은 당사 모바일뱅킹 APP을 통해 확인하여 주시기 바랍니다.,1,만 19세 이상 실명의 개인고객 (1인 1계좌 한정),"- 최소가입금액: 1,000원 이상 
- 한도: 분기당 50만원(연 2백만원) * 분기 예) 1~3월, 4~6월, 7~9월, 10~12월",202108131200,2000000
1345,디비저축은행,310000,정기적금(창구),['영업점'],"1개월 이하: 신규 당시 약정이율 또는 만기시점 동일상품 동일계약기간의 신규 고시금리 중 낮은 이율
1개월 초과: 0.1%",해당사항없음,1,"실명의 개인, 법인",최소가입금액: 1만원 이상 / 가입채널: 대면(창구),202411131339,-1
1346,디비저축은행,310007,E-정기적금(인터넷),['인터넷'],"1개월 이하: 신규 당시 약정이율 또는 만기시점 동일상품 동일계약기간의 신규 고시금리 중 낮은 이율
1개월 초과: 0.1%",최고우대금리 : 0.1 / 인터넷 가입시 : 기본이율* + 0.1% (*기본이율: 가입시 12개월 정기적금 고시이율),1,"실명의 개인, 법인",최소가입금액: 1만원 이상 / 가입채널: 인터넷뱅킹,202411131339,-1
1347,디비저축은행,310806,M-정기적금(모바일),['스마트폰'],"1개월 이하: 신규 당시 약정이율 또는 만기시점 동일상품 동일계약기간의 신규 고시금리 중 낮은 이율
1개월 초과: 0.1%",최고우대금리 : 0.2 / 모바일 가입시 : 기본이율* + 0.2% (*기본이율: 가입시 12개월 정기적금 고시이율),1,실명의 개인,"최소가입금액: 1만원 이상 / 가입채널: 스마트뱅킹, SB톡톡+",202411131339,-1
1348,디비저축은행,310807,M-With 유 정기적금(모바일),['스마트폰'],"1개월 이하: 신규 당시 약정이율 또는 만기시점 동일상품 동일계약기간의 신규 고시금리 중 낮은 이율
1개월 초과: 0.1%","약정이율 최대 6.5% =기본4.0% + 우대2.5%(최대) 
1) 가입일기준 당행 예적금가입이력 없는 첫거래/동일상품 한달이내 만기해지이력 존재고객 +1.0%
2) 만 19세 이상 만 39세 이하 +0.5%
3) 계약기간중 앱이용 입출금거래 월2회이상 6개월이상 유지 +0.5%
4) 상품서비스안내 및 마케팅 전체 동의 +0.5%",1,실명의 개인,"가입금액: 1만원 이상 30만원이하까지 / 가입채널: 스마트뱅킹, SB톡톡+",202411131339,-1
1349,스카이저축은행,310010,정기적금,['영업점'],없음,*만기후 1개월 이내 : 만기시점 동일상품 동일계약기간의 신규약정금리 *만기후 1개월 초과 :보통예금이율,1,제한없음,최소금액:1만원이상,202401230759,-1
1350,스카이저축은행,310011,e-정기적금,"['인터넷', '스마트폰']",없음,*만기후 1개월 이내 : 만기시점 동일상품 동일계약기간의 신규약정금리 *만기후 1개월 초과 :보통예금이율,1,제한없음,최소금액:1만원이상,202401230759,-1
1351,스카이저축은행,310013,b-정기적금,"['인터넷', '스마트폰']",없음,*만기후 1개월 이내 : 만기시점 동일상품 동일계약기간의 신규약정금리 *만기후 1개월 초과 :보통예금이율,1,제한없음,최소금액:1만원이상,202401230759,-1
1352,민국저축은행,MK310001,정기적금,['영업점'],"- 1개월 이내 : 가입당시 약정금리와 현재 금리 비교 후 낮은 금리
- 1개월 이후 : 보통예금 금리 적용","* 최대우대금리 : 0.1%
- 3명 이상 창구 방문하여 1년이상 적금 가입시 : 연 0.1%
- 적금 만기해지 후 1년이상 정기예금 및 적금 신규 가입시 : 연 0.1%",1,제한없음,- 중도해지 시 가입 기간에 따라 중도해지이율이 다르게 적용됩니다.,202411070816,-1
1353,민국저축은행,MK310004,e-행복정기적금(인터넷),['인터넷'],"- 1개월 이내 : 가입당시 약정금리와 현재 금리 비교 후 낮은 금리
- 1개월 이후 : 보통예금 금리 적용",- 없음,1,개인,- 중도해지 시 가입 기간에 따라 중도해지이율이 다르게 적용됩니다.,202411070816,-1
1354,민국저축은행,MK310017,비대면정기적금(비대면),['스마트폰'],"- 1개월 이내 : 가입당시 약정금리와 현재 금리 비교 후 낮은 금리
- 1개월 이후 : 보통예금 금리 적용",- 없음,1,개인,- 중도해지 시 가입 기간에 따라 중도해지이율이 다르게 적용됩니다.,202411070816,-1
1355,민국저축은행,MK310022,톡톡정기적금(모바일),['모집인'],"- 1개월 이내 : 가입당시 약정금리와 현재 금리 비교 후 낮은 금리
- 1개월 이후 : 보통예금 금리 적용",- 없음,1,개인,- 중도해지 시 가입 기간에 따라 중도해지이율이 다르게 적용됩니다.,202411070816,-1
1356,푸른상호저축은행,2001,푸른 정기적금,"['영업점', '인터넷', '스마트폰']","만기 후 보통예금 금리에 연동
(단, 만기 1개월 경과시점까지는 약정금리와 동일상품의 만기시점 고시금리 중 낮은 금리 적용)",- 없음,1,제한 없음,"- 중도해지금리
1개월 미만 : 0.20%,
6개월 미만 : 1.65%, 
12개월 미만 : 2.02%,
12개월 이상 : 2.05%",202411010820,-1
1357,푸른상호저축은행,2002,프리스타일 적금,"['영업점', '인터넷', '스마트폰']","만기 후 보통예금 금리에 연동
(단, 만기 1개월 경과시점까지는 약정금리와 동일상품의 만기시점 고시금리 중 낮은 금리 적용)",없음,1,개인,"- 중도해지금리
1개월 미만 : 0.20%,
3개월 미만 : 1.40%,
6개월 미만 : 1.90%, 
12개월 미만 : 1.91%,
12개월 이상 : 1.95% 

- 1인 1계좌만 가능
- 최고한도 : 5억원",202411010820,500000000
1358,HB저축은행,310002,정기적금,['영업점'],"- 만기 후 1개월 이하: 당초 약정금리와 만기시동일상품 동일계약기간의 고시금리중 낮은 금리 
- 만기 후 1개월 초과: 보통예금 금리",해당사항없음,1,제한없음,영업점 가입 전용상품,202406180815,-1
1359,HB저축은행,310003,e-정기적금,['인터넷'],"- 만기 후 1개월 이하: 당초 약정금리와 만기시동일상품 동일계약기간의 고시금리중 낮은 금리 
- 만기 후 1개월 초과: 보통예금 금리",해당사항없음,1,제한없음,인터넷가입 전용상품,202406180815,-1
1360,HB저축은행,310004,스마트 정기적금,['스마트폰'],"- 만기 후 1개월 이하: 당초 약정금리와 만기시동일상품 동일계약기간의 고시금리중 낮은 금리 
- 만기 후 1개월 초과: 보통예금 금리",해당사항없음,1,제한없음,스마트폰가입 전용상품,202406180815,-1
1361,키움예스저축은행,310005,키워드림 정기적금,['영업점'],"*만기후 1개월 이내 : 당초 약정금리 또는 만기시 동일상품 동일계약기간의 신규 약정금리 중 낮은 이율
*만기후 1개월 초과 : 만기시점 보통예금 이율","*인터넷뱅킹, 스마트뱅킹, 비대면 가입시 우대금리 적용",1,제한없음,-,202402010813,-1
1362,키움예스저축은행,310006,"키워드림 e-정기적금 (인터넷뱅킹, 스마트뱅킹)","['인터넷', '스마트폰']","*만기후 1개월 이내 : 당초 약정금리 또는 만기시 동일상품 동일계약기간의 신규 약정금리 중 낮은 이율
*만기후 1개월 초과 : 만기시점 보통예금 이율",-,1,제한없음,-,202402010813,-1
1363,키움예스저축은행,310007,SB톡톡 키워드림 정기적금 (비대면),['스마트폰'],"*만기후 1개월 이내 : 당초 약정금리 또는 만기시 동일상품 동일계약기간의 신규 약정금리 중 낮은 이율
*만기후 1개월 초과 : 만기시점 보통예금 이율",-,1,제한없음,-,202402010813,-1
1364,더케이저축은행,310027,정기적금,"['영업점', '인터넷', '스마트폰']","-30일 이내 : 약정금리와 현행 고시금리중 낮은 이율
-30일 이후 : 보통예금 이율",없음,1,제한없음,없음,202312181114,-1
1365,더케이저축은행,310028,e-정기적금,"['인터넷', '스마트폰']","-30일 이내 : 약정금리와 현행 고시금리중 낮은 이율
-30일 이후 : 보통예금 이율",없음,1,제한없음,"-인터넷뱅킹, 스마트폰뱅킹 전용",202312181114,-1
1366,조은저축은행,024310001,정기적금(서울본점),['영업점'],"- 1개월이내 해지: 만기시 동일상품 동일계약기간의 신규약정금리
'- 1개월초과 이후 해지: 보통예금 이율","*최고우대금리 : 0.1%
-자영업자, 직장인(증빙서류제출-재직증명서, 사업자등록증, 명함, 사원카드) : 0.1%",1,제한없음,없음,202411150835,-1
1367,조은저축은행,024311001,정기적금(여수지점),['영업점'],"- 1개월이내 해지: 만기시 동일상품 동일계약기간의 신규약정금리
'- 1개월초과 이후 해지: 보통예금 이율","*최고우대금리 : 0.1%
-자영업자, 직장인(증빙서류제출-재직증명서, 사업자등록증, 명함, 사원카드) : 0.1%",1,제한없음,없음,202411150835,-1
1368,조은저축은행,024312001,e-정기적금,"['인터넷', '스마트폰']","- 1개월이내 해지: 만기시 동일상품 동일계약기간의 신규약정금리
'- 1개월초과 이후 해지: 보통예금 이율",없음,1,제한없음,없음,202411150835,-1
1369,에스비아이저축은행,310000,정기적금,['영업점'],"- 만기 후 1개월 이하: 약정금리와 만기시 동기간 금리 중 낮은 금리

- 만기 후 1개월 초과: 보통예금이율","- 장애인 등록고객 시 : 연0.2%
* 월 1백만원 이하, 12개월 약정시

- SBI패밀리 멤버쉽 최초 가입 당일 적금 가입 시 1인 1계좌 우대금리 적용 : 연 0.1%",1,제한없음,없음,202406271719,-1
1370,에스비아이저축은행,380008,자유적금,"['인터넷', '스마트폰']","- 만기 후 1개월 이하: 약정금리

- 만기 후 1개월 초과: 연0.2%","- 비대면(인터넷뱅킹 또는 사이다뱅크APP)우대금리 : 연0.1%

- 자동연장 시 추가 우대금리 : 연0.05%",1,제한없음,없음,202410280935,3000000
1371,바로저축은행,310001,정기적금(월수),['영업점'],"* 만기후 1개월 이내 : 약정금리와 현행금리 중 낮은 금리 
* 만기후 1개월 초과 : 보통예금 금리",없음,1,제한 없음,"1. 최소납입금액 10,000원 이상",202209130808,-1
1372,바로저축은행,310004,스마트정기적금(인터넷),['인터넷'],"* 만기후 1개월 이내 : 약정금리와 현행금리 중 낮은 금리 
* 만기후 1개월 초과 : 보통예금 금리",없음,1,제한 없음,"1. 최소납입금액 10,000원 이상",202209130808,-1
1373,바로저축은행,310009,SB톡톡 정기적금(비대면),['스마트폰'],"* 만기후 1개월 이내 : 약정금리와 현행금리 중 낮은 금리
* 만기후 1개월 초과 : 보통예금 금리",없음,1,제한 없음,"1. 최소납입금액 10,000원 이상",202209130808,-1
1374,다올저축은행,310005,퍼스트유 정기적금,['영업점'],"- 1개월 까지 : 당초 약정이율과 만기 시 약정이율을 비교하여 낮은 금리 적용 
- 1개월 초과 : 연0.1%","[※유의사항] 
-가입대상: 당행 첫거래 고객 
-1인 1계좌 / 영업점 전용상품 
-인터넷뱅킹가입 필수 (미성년자 제외) 
-가입금액: 최대 월 불입액 20만원",3,개인 (당행 첫거래 고객),"* 중도해지이율 (입금액마다 경과기간별 차등 적용) 
- 1개월미만 : 가입일의 보통예금 금리 
- 6개월미만 : 약정이율X50% 
- 9개월미만 : 약정이율X55% 
- 12개월미만 : 약정이율X60% 
- 12개월이상 : 약정이율X70%",202204290849,200000
1375,다올저축은행,310006,직장인YES 정기적금,['영업점'],"- 1개월 까지 : 당초 약정이율과 만기 시 약정이율을 비교하여 낮은 금리 적용 
- 1개월 초과 : 연0.1%","[※유의사항] 
-가입대상: 직장인 (증빙서류 제출) 
-1인 1계좌 / 영업점 전용상품 
-인터넷뱅킹가입 필수 
-가입금액: 최대 월 불입액 30만원",3,개인 (직장인),"* 중도해지이율 (입금액마다 경과기간별 차등 적용) 
- 1개월미만 : 가입일의 보통예금 금리 
- 6개월미만 : 약정이율X50% 
- 9개월미만 : 약정이율X55%
- 12개월미만 : 약정이율X60% 
- 12개월이상 : 약정이율X70%",202204290849,300000
1376,다올저축은행,310008,아이사랑 정기적금,['영업점'],"- 1개월 까지 : 당초 약정이율과 만기 시 약정이율을 비교하여 낮은 금리 적용 
- 1개월 초과 : 연0.1%","[※유의사항] 
-가입대상: 만7세 이하 미성년자 
-1인 1계좌 / 영업점 전용상품 (부모님 내방) 
-필요서류: 자녀 명의 가족관계서류, 기본증명서, 도장, 부모신분증 
-부모님 인터넷뱅킹가입 필수 
-가입금액: 최대 월 불입액 10만원",3,개인 (만 7세 이하 미성년자),"* 중도해지이율 (입금액마다 경과기간별 차등 적용) 
- 1개월미만 : 가입일의 보통예금 금리 
- 6개월미만 : 약정이율X50% 
- 9개월미만 : 약정이율X55% 
- 12개월미만 : 약정이율X60% 
- 12개월이상 : 약정이율X70%",202204290849,100000
1377,다올저축은행,310018,Fi 정기적금 (대면),['영업점'],"- 1개월 까지 : 당초 약정이율과 만기시점 고시이율을 비교하여 낮은 금리 적용
- 1개월 초과 : 연0.1%",없음,1,제한없음,"* 중도해지이율 (입금액마다 경과기간별 차등 적용)
- 1개월미만 : 가입일의 보통예금 금리
- 6개월미만 : 약정이율X50%
- 9개월미만 : 약정이율X55%
- 12개월미만 : 약정이율X60%
- 12개월이상 : 약정이율X70%",202406210826,-1
1378,다올저축은행,310019,Fi 정기적금 (비대면),"['인터넷', '스마트폰']","- 1개월 까지 : 당초 약정이율과 만기시점 고시이율을 비교하여 낮은 금리 적용
- 1개월 초과 : 연0.1%",없음,1,제한없음,"* 중도해지이율 (입금액마다 경과기간별 차등 적용)
- 1개월미만 : 가입일의 보통예금 금리
- 6개월미만 : 약정이율X50%
- 9개월미만 : 약정이율X55%
- 12개월미만 : 약정이율X60%
- 12개월이상 : 약정이율X70%",202406210826,-1
1379,유안타저축은행,31,정기적금,['영업점'],"만기후 1개월이하:
약정금리와 현행금리 중 낮은 금리
만기후 1개월초과:
현행 보통예금금리",없음,1,제한없음,없음,202402290818,-1
1380,유안타저축은행,31-1,e-정기적금,"['인터넷', '스마트폰']","만기후 1개월이하:
약정금리와 현행금리 중 낮은 금리
만기후 1개월초과:
현행 보통예금금리",없음,1,제한없음,없음,202402290818,-1
1381,고려저축은행,310007,정기적금,['영업점'],"*2019.06.30 가입분까지 만기시점 보통예금이자율(현재0.1%)
*2019.07.01 가입분부터 
1개월이내: 당초 약정금리와 만기시 동일상품 동일계약기간의 신규약정금리 중 낮은이율
1개월초과: 보통예금이자율(현재0.1%)",-,1,비거주 외국인 외 제한없음,-,202405311703,-1
1382,고려저축은행,310008,응답하라2030정기적금,['영업점'],"*2019.06.30 가입분까지 만기시점 보통예금이자율(현재0.1%)
*2019.07.01 가입분부터 
1개월이내: 당초 약정금리와 만기시 동일상품 동일계약기간의 신규약정금리 중 낮은이율
1개월초과: 보통예금이자율(현재0.1%)",-,1,*만20~30대만 가입가능 (나이제한),-,202405311703,-1
1383,고려저축은행,310009,씨앗정기적금,['영업점'],"*2019.06.30 가입분까지 만기시점 보통예금이자율(현재0.1%)
*2019.07.01 가입분부터 
1개월이내: 당초 약정금리와 만기시 동일상품 동일계약기간의 신규약정금리 중 낮은이율
1개월초과: 보통예금이자율(현재0.1%)",-,1,제한없음,-,202405311703,-1
1384,고려저축은행,310010,정기적금(비대면),"['인터넷', '스마트폰']","*2019.06.30 가입분까지 만기시점 보통예금이자율(현재0.1%)
*2019.07.01 가입분부터 
1개월이내: 당초 약정금리와 만기시 동일상품 동일계약기간의 신규약정금리 중 낮은이율
1개월초과: 보통예금이자율(현재0.1%)",-,1,비거주 외국인 외 제한없음,-,202405311703,-1
1385,고려저축은행,310016,보고파 정기적금,"['인터넷', '스마트폰']","*2019.06.30 가입분까지 만기시점 보통예금이자율(현재0.1%)
*2019.07.01 가입분부터 
1개월이내: 당초 약정금리와 만기시 동일상품 동일계약기간의 신규약정금리 중 낮은이율
1개월초과: 보통예금이자율(현재0.1%)",-,1,비거주 외국인 외 제한없음,"-1인당 최대 100만원까지 가입가능
-1인1계좌 제한
-가입기간 : 6개월~36개월",202405311703,1000000
1386,고려저축은행,310017,마이버킷 정기적금,['스마트폰'],"-1개월이내: 당초 약정금리와 만기시 동일상품 동일계약기간의 신규약정금리 중 낮은이율
-1개월초과: 보통예금이자율(현재0.1%)","* 최고우대금리 : 3.00%
[워크온 챌린지 참여]
- 금메달(200,000보) : 3.00%
- 은메달(180,000보) : 2.00%
- 동메달(150,000보) : 1.00%",1,비거주 외국인 외 제한없음,"-고뱅크 어플 전용상품
-1인당 최대 150만원까지 가입가능
-가입기간 : 6개월~12개월",202410311116,500000
1387,국제저축은행,KJ0001B,꿈 찾아 정기적금,['영업점'],"만기후 1개월까지는 계약당시 금리와 만기시점 해당금리를 비교하여 낮은 금리 적용
만기후 1개월 초과 이후로는 보통예금 금리 적용",없음,1,제한없음,"만기후 1개월까지는 계약당시 금리와 만기시점 해당금리를 비교하여 낮은 금리 적용
만기후 1개월 초과 이후로는 보통예금 금리 적용",202409060832,-1
1388,국제저축은행,KJ0004B,꿈 찾아 정기적금(비대면),['스마트폰'],"만기후 1개월까지는 계약당시 금리와 만기시점 해당금리를 비교하여 낮은 금리 적용
만기후 1개월 초과 이후로는 보통예금 금리 적용",없음,1,만 19세 이상의 개인,"만기후 1개월까지는 계약당시 금리와 만기시점 해당금리를 비교하여 낮은 금리 적용
만기후 1개월 초과 이후로는 보통예금 금리 적용",202409060832,2000000
1389,디에이치저축은행,DH003,정기적금,['영업점'],"- 1개월이하 : 약정이율 범위 내 현행이율
- 1개월초과 : 보통예금 이율",없음,1,제한없음,없음,202210130933,-1
1390,디에이치저축은행,DH004,정기적금(비대면),"['인터넷', '스마트폰']","- 1개월이하 : 약정이율 범위 내 현행이율
- 1개월초과 : 보통예금 이율",없음,1,제한없음,없음,202210130933,-1
1391,흥국저축은행,310001,정기적금,['영업점'],"- 1개월 이내: 신규시점 약정이율과 만기시점 약정이율 중 낮은이율
- 1개월 초과: 현행 보통예금 이율",없음,1,제한없음,없음,202401290815,-1
1392,흥국저축은행,310005,E-정기적금,['인터넷'],"- 1개월 이내: 신규시점 약정이율과 만기시점 약정이율 중 낮은이율
- 1개월 초과: 현행 보통예금 이율",없음,1,제한없음,없음,202401290815,-1
1393,흥국저축은행,310006,S-정기적금,['스마트폰'],"- 1개월 이내: 신규시점 약정이율과 만기시점 약정이율 중 낮은이율
- 1개월 초과: 현행 보통예금 이율",없음,1,제한없음,없음,202401290815,-1
1394,흥국저축은행,310009,정기적금(자유적립식),['영업점'],"- 1개월 이내: 신규시점 약정이율과 만기시점 약정이율 중 낮은이율
- 1개월 초과: 현행 보통예금 이율",없음,1,제한없음,없음,202401290815,30000000
1395,흥국저축은행,310012,비대면 정기적금,['스마트폰'],"- 1개월 이내: 신규시점 약정이율과 만기시점 약정이율 중 낮은이율
- 1개월 초과: 현행 보통예금 이율",없음,1,제한없음,없음,202401290815,-1
1396,우리저축은행,310003,정기적금(월수),['영업점'],"*만기후1개월이내:약정금리와현재금리비교후낮은금리
*만기후1개월초과:보통예금이율",없음,1,제한없음,없음,202312271706,-1
1397,우리저축은행,310004,정기적금(월수)(비대면),"['인터넷', '스마트폰']","*만기후1개월이내:약정금리와현재금리비교후낮은금리
*만기후1개월초과:보통예금이율",없음,1,제한없음,없음,202312271706,-1
1398,인성저축은행,310009,정기적금,['영업점'],-보통예금이율 0.1%,없음,1,-제한없음,-없음,202411211443,-1
1399,인성저축은행,310010,e-정기적금,"['인터넷', '스마트폰']",-보통예금이율 0.1%,없음,1,-만19세이상의 개인,-통장을 발급하지 않는 온라인 전용상품으로 영업점 해지시 우대금리 적용불가,202411211443,-1
1400,금화저축은행,KH3100,정기적금,['영업점'],"① 만기 후 1개월 이내 : 약정금리
② 만기 후 1개월 초과 : 보통예금 이율 (0.2%)",창구전용상품,1,제한없음,"중도해지 이율 - ① 1개월 미만 : 보통예금이율 (0.2%)
② 1개월이상~6개월미만 : 약정이율X50%
③ 6개월이상~12개월미만 : 약정이율X55%
④ 12개월이상~24개월미만 : 약정이율X60%
⑤ 24개월이상~60개월미만 : 약정이율X70%",202411120845,-1
1401,금화저축은행,KH3101,e-정기적금,"['인터넷', '스마트폰']","① 만기 후 1개월 이내 : 약정금리
② 만기 후 1개월 초과 : 보통예금 이율 (0.2%)",-,1,인터넷 및 모바일뱅킹 사용자,"중도해지 이율 - ① 1개월 미만 : 보통예금이율 (0.2%)
② 1개월이상~6개월미만 : 약정이율X50%
③ 6개월이상~12개월미만 : 약정이율X55%
④ 12개월이상~24개월미만 : 약정이율X60%
⑤ 24개월이상~60개월미만 : 약정이율X70%",202411120845,-1
1402,금화저축은행,KH3102,e-행복더드림정기적금,"['인터넷', '스마트폰']","① 만기 후 1개월 이내 : 약정금리
② 만기 후 1개월 초과 : 보통예금 이율 (0.2%)","인터넷, 모바일
전용상품",1,인터넷 및 모바일뱅킹 사용자,"① 인터넷 및 모바일뱅킹 전용 상품
② 1인당 최고 월 100만원 불입 가능
③ 중도해지이율 : 일반 정기적금과 동일",202404080001,1000000
1403,금화저축은행,KH3103,비대면-정기적금,['스마트폰'],"① 만기 후 1개월 이내 : 약정금리
② 만기 후 1개월 초과 : 보통예금 이율 (0.2%)",-,1,비대면 어플사용자,"중도해지 이율 - ① 1개월 미만 : 보통예금이율 (0.2%)
② 1개월이상~6개월미만 : 약정이율X50%
③ 6개월이상~12개월미만 : 약정이율X55%
④ 12개월이상~24개월미만 : 약정이율X60%
⑤ 24개월이상~60개월미만 : 약정이율X70%",202404080001,-1
1404,인천저축은행,310006,정기적금,['영업점'],1. 1개월이내 : 최초약정이율 / 2. 1개월초과 : 연 0.1%,창구전용상품,1,제한없음,적금가입금액 1만원이상,202409230843,-1
1405,인천저축은행,310007,e-보다정기적금,"['인터넷', '스마트폰']",1. 1개월이내 : 최초약정이율 / 2. 1개월초과 : 연 0.1%,인터넷뱅킹 전용상품,1,제한없음,적금가입금액 1만원이상,202409230843,-1
1406,인천저축은행,310009,생일축하플러스정기적금,['영업점'],1. 1개월이내 : 최초약정이율 / 2. 1개월초과 : 연 0.1%,창구전용상품,1,제한없음,적금가입금액 1만원이상,202409230843,-1
1407,모아저축은행,310035,정기적금,['영업점'],"- 만기 후 1개월 이내 : 당초 약정이율과 만기시점 동일상품 동일기간제 금리 중 낮은 금리
- 만기 후 1개월 초과 : 신규일 시점의 보통예금 이율",없음,1,제한없음,- 1인당 가입한도 : 계약금액 월 1만원 이상,202403291442,-1
1408,모아저축은행,310036,12干支정기적금,['영업점'],"- 만기 후 1개월 이내 : 당초 약정이율과 만기시점 동일상품 동일기간제 금리 중 낮은 금리
- 만기 후 1개월 초과 : 신규일 시점의 보통예금 이율",없음,1,제한없음,- 1인당 가입한도 : 월 30만원 이상,202403291442,-1
1409,모아저축은행,310037,생일축하정기적금,['영업점'],"- 만기 후 1개월 이내 : 당초 약정이율과 만기시점 동일상품 동일기간제 금리 중 낮은 금리
- 만기 후 1개월 초과 : 신규일 시점의 보통예금 이율",없음,1,제한없음,- 1인당 가입한도 : 월 30만원 이상,202403291442,-1
1410,모아저축은행,310038,e-모아 정기적금,"['인터넷', '스마트폰']","- 만기 후 1개월 이내 : 당초 약정이율과 만기시점 동일상품 동일기간제 금리 중 낮은 금리
- 만기 후 1개월 초과 : 신규일 시점의 보통예금 이율",없음,1,제한없음,- 1인당 가입한도 : 계약금액 월 1만원 이상,202403291442,-1
1411,대백저축은행,310000,한마음정기적금,['영업점'],보통예금이율(0.2%),해당없음,1,제한없음,해당없음,202108131200,-1
1412,대백저축은행,310003,꿈나무정기적금,['영업점'],"*1개월이내-약정이율과 현행이율중 낮은이율 
*1개월 초과-보통예금이율(0.2%)",해당없음,1,만13세 미만어린이,해당없음,202209050943,-1
1413,대백저축은행,310005,한마음정기적금,['영업점'],"1개월이내-약정이율과 현행이율중 낮은이율
1개월 초과-보통예금이율(0.2%)",해당없음,1,제한없음,해당없음,202312131510,-1
1414,대백저축은행,310006,꿈나무정기적금,['영업점'],"1개월이내-약정이율과 현행이율중 낮은이율
1개월 초과-보통예금이율(0.2%)",해당없음,3,만13세미만어린이,해당없음,202312131510,-1
1415,대백저축은행,310007,애플정기적금,"['인터넷', '스마트폰']","1개월이내-약정이율과 현행이율중 낮은이율
1개월 초과-보통예금이율(0.2%)",해당없음,1,제한없음,해당없음,202312131510,-1
1416,유니온상호저축은행,310009,정기적금,"['영업점', '인터넷', '스마트폰']",*1개월이내 : 약정이율과 현행이율 중 낮은 이율 *1개월초과: 보통예금이율,"전자금융(인터넷,스마트폰 뱅킹), 비대면 SB톡톡으로 가입시에도 동일한 금리 적용",1,제한없음,중도해지이율 - 2019년7월1일 이전 신규분 *3개월이하 : 0.2% *3~6개월이내 : 0.5% *6개월초과 : 1.0% - 2019년7월1일 이후 신규분 *1개월미만 : 계약일의 보통예금 이율 *1개월~3개월미만 : 약정이율의 50% *3개월~6개월미만 : 약정이율의 55% *6개월~24개월미만 : 약정이율의 60% *24개월이상 : 약정이율의70%,202210140820,-1
1417,유니온상호저축은행,310010,e-정기적금,"['인터넷', '스마트폰']","*1개월이내 : 약정이율과 현행이율 중 낮은 이율
*1개월초과: 보통예금이율",없음,1,제한없음,"- 2019년7월1일 이후 신규분
*1개월미만 : 계약일의 보통예금 이율
*1개월~3개월미만 : 약정이율의 50%
*3개월~6개월미만 : 약정이율의 55%
*6개월~24개월미만 : 약정이율의 60%
*24개월이상 : 약정이율의70%",202401251512,-1
1418,엠에스상호저축은행,310008,정기적금,"['영업점', '인터넷', '스마트폰']",- 만기후 1개월간은 당초 약정금리와 당초 약정기간에 해당하는 현행금리 중 낮은 금리를 적용하고 만기후 1개월 경과시는 보통예금이자율,없음,1,없음,없음,202405240811,-1
1419,안국저축은행,31-0001,정기적금,['영업점'],0.002,없음,1,제한없음,없음,202411150936,-1
1420,안국저축은행,31-0002,e-정기적금,"['인터넷', '스마트폰']",0.002,없음,1,제한없음,없음,202411150936,-1
1421,안국저축은행,31-0003,정기적금(비대면),['스마트폰'],0.002,없음,1,제한없음,없음,202411150936,-1
1422,남양저축은행,NY310006,정기적금,['영업점'],"만기 후 한 달까지 약정금리-현행금리 비교하여 낮은 금리 적용, 이후 0.1%",없음,1,제한없음,"중도해지 이율 : 1개월미만 : 계약일의 보통예금 금리, 1개월이상 6개월미만 : 약정이율의 50%, 6개월이상 12개월미만 : 약정이율의 55%. 12개월 이상 : 약정이율의 65%",202303170841,-1
1423,남양저축은행,NY310007,e-정기적금,"['인터넷', '스마트폰']","만기 후 한 달까지 약정금리-현행금리 비교하여 낮은 금리 적용, 이후 0.1%",없음,1,제한없음,"중도해지 이율 : 1개월미만 : 계약일의 보통예금 금리, 1개월이상 6개월미만 : 약정이율의 50%, 6개월이상 12개월미만 : 약정이율의 55%. 12개월 이상 : 약정이율의 65%",202303170841,-1
1424,남양저축은행,NY310009,비대면-정기적금,['스마트폰'],"만기 후 한 달까지 약정금리-현행금리 비교하여 낮은 금리 적용, 이후 0.1%",없음,1,"만19세이상 내국인 개인고객, 본인 스마트폰 소지자, 신분증(주민등록증 또는 운전면허증)소지자, 최근 30일이내 전은행에서 입출금통장 개설내역이 없는 고객, 미국인 납세자에 해당하지 않는 고객","중도해지 이율 : 1개월미만 : 계약일의 보통예금 금리, 1개월이상 6개월미만 : 약정이율의 50%, 6개월이상 12개월미만 : 약정이율의 55%. 12개월 이상 : 약정이율의 65%",202303170841,-1
1425,부림저축은행,310001,정기적금,['영업점'],"- 만기후 1개월 이내 : 가입당시 약정금리와 현재 금리 비교 후 낮은금리
- 만기후 1개월 초과 : 연 0.25%",없음,1,개인 및 법인고객,.,202411060836,-1
1426,부림저축은행,310005,e-정기적금,"['인터넷', '스마트폰']","- 만기후 1개월 이내 : 가입당시 약정금리와 현재 금리 비교 후 낮은금리
- 만기후 1개월 초과 : 연 0.25%",인터넷으로 가입,1,개인 및 법인고객,.,202411060836,-1
1427,부림저축은행,310006,아이사랑 정기적금,['영업점'],"- 만기후 1개월 이내 : 가입당시 약정금리와 현재 금리 비교 후 낮은금리
- 만기후 1개월 초과 : 연 0.25%",미취학아동과 부모님이 함께 가입하는 경우,1,미취학아동과 부모님이 함께 가입,.,202411060836,-1
1428,부림저축은행,310011,톡톡정기적금(비대면),['스마트폰'],"- 만기후 1개월 이내 : 가입당시 약정금리와 현재 금리 비교 후 낮은금리
- 만기후 1개월 초과 : 연 0.25%",없음,1,개인,.,202411060836,-1
1429,키움저축은행,310008,정기적금,['영업점'],"-만기후 1개월 이내
당초 약정금리 또는 만기시 동일상품 동일계약기간의 신규 약정금리 중 낮은 이율
-만기후 1개월 초과
연 0.2% (신규시점의 보통예금 금리)
※2019년 7월 1일 이후 신규 가입 계좌에 한함.",없음,1,개인 및 개인사업자,없음,202411120819,-1
1430,키움저축은행,310009,"e-plus 정기적금 (인터넷뱅킹,스마트뱅킹)","['인터넷', '스마트폰']","-만기후 1개월 이내
당초 약정금리 또는 만기시 동일상품 동일계약기간의 신규 약정금리 중 낮은 이율
-만기후 1개월 초과
연 0.2% (신규시점의 보통예금 금리)
※2019년 7월 1일 이후 신규 가입 계좌에 한함.",없음,1,개인 및 개인사업자,인터넷 가입,202411120819,-1
1431,키움저축은행,310010,SB톡톡정기적금 (비대면),['스마트폰'],"-만기후 1개월 이내
당초 약정금리 또는 만기시 동일상품 동일계약기간의 신규 약정금리 중 낮은 이율
-만기후 1개월 초과
연 0.2% (신규시점의 보통예금 금리)
※2019년 7월 1일 이후 신규 가입 계좌에 한함.",없음,1,제한없음,비대면,202411120819,-1
1432,키움저축은행,310011,기업 정기적금,['영업점'],"-만기후 1개월 이내
당초 약정금리 또는 만기시 동일상품 동일계약기간의 신규 약정금리 중 낮은 이율
-만기후 1개월 초과
연 0.2% (신규시점의 보통예금 금리)
※2019년 7월 1일 이후 신규 가입 계좌에 한함.",없음,1,"법인 (영리법인,비영리법인)",없음,202411120819,-1
1433,키움저축은행,310012,"e-plus 기업정기적금 (인터넷뱅킹,스마트뱅킹)","['인터넷', '스마트폰']","-만기후 1개월 이내
당초 약정금리 또는 만기시 동일상품 동일계약기간의 신규 약정금리 중 낮은 이율
-만기후 1개월 초과
연 0.2% (신규시점의 보통예금 금리)
※2019년 7월 1일 이후 신규 가입 계좌에 한함.",없음,1,"법인 (영리법인,비영리법인)",인터넷 가입,202411120819,-1
1434,삼정저축은행,310006,정기적금,['영업점'],"-1개월이내: 계약일 당시 약정이율과 계약 만기시 약정이율 중 낮은 이율
-1개월초과: 보통예금 이율",없음,1,제한없음,없음,202312181548,-1
1435,삼정저축은행,310007,e-정기적금,['인터넷'],"-1개월이내: 계약일 당시 약정이율과 계약 만기시 약정이율 중 낮은 이율
-1개월초과: 보통예금 이율",없음,1,제한없음,없음,202312181548,-1
1436,삼정저축은행,310009,s-정기적금,['스마트폰'],"-1개월이내: 계약일 당시 약정이율과 계약 만기시 약정이율 중 낮은 이율
-1개월초과: 보통예금 이율",없음,1,제한없음,없음,202312181548,-1
1437,평택저축은행,310010,정기적금,['영업점'],"1개월이내→당초 약정금리 또는 만기시 동일상품 동일계약기간의 신규 약정금리 중 낮은 이율, 1개월 초과 → 보통예금 이율",해당없음,1,제한없음,보호금융상품 1인당 최고 5천만원,202408061726,-1
1438,평택저축은행,3100109,정기적금,['영업점'],"1개월이내→당초 약정금리 또는 만기시 동일상품 동일계약기간의 신규 약정금리 중 낮은 이율, 1개월 초과 → 보통예금 이율",해당없음,1,제한없음,보호금융상품 1인당 최고 5천만원,202408061735,-1
1439,평택저축은행,310011,정기적금-인터넷,['인터넷'],"1개월이내→당초 약정금리 또는 만기시 동일상품 동일계약기간의 신규 약정금리 중 낮은 이율, 1개월 초과 → 보통예금 이율",해당없음,1,제한없음,보호금융상품 1인당 최고 5천만원,202408061545,-1
1440,평택저축은행,310013,정기적금-모바일,['스마트폰'],"1개월이내→당초 약정금리 또는 만기시 동일상품 동일계약기간의 신규 약정금리 중 낮은 이율, 1개월 초과 → 보통예금 이율",해당없음,1,제한없음,보호금융상품 1인당 최고 5천만원,202408061545,-1
1441,안양저축은행,310005,정기적금,"['영업점', '인터넷']","만기 후 한 달까지 약정금리-현행금리 비교하여 낮은 금리 적용, 이후 0.1%",없음,1,제한없음,"중도해지이율:
1개월미만: 계약일의 보통예금 금리, 
1개월이상 6개월미만: 약정이율의 50%, 
6개월이상 12개월미만: 약정이율의 60%, 12개월이상: 약정이율의 70%",202408020849,-1
1442,안양저축은행,310007,비대면-정기적금,['스마트폰'],"만기 후 한 달까지 약정금리-현행금리 비교하여 낮은 금리 적용, 이후 0.1%",없음,1,"만19세이상 내국인 개인고객, 본인 스마트폰 소지자, 신분증(주민등록증 또는 운전면허증)소지자, 최근 30일이내 전은행에서 입출금통장 개설내역이 없는 고객, 미국인납세자에 해당하지 않는 고객","중도해지이율:
1개월미만: 계약일의 보통예금 금리, 
1개월이상 6개월미만: 약정이율의 50%, 
6개월이상 12개월미만: 약정이율의 60%, 12개월이상: 약정이율의 70%",202408020849,-1
1443,영진저축은행,310008,정기적금,['영업점'],"만기후 1개월이내 해지시 약정이율 적용(가입시점 이율과 만기시점 이율 중 낮은 이율)
만기후 1개월이후 해지시 보통예금금리(0.5%)적용","계약기간이 1년이상인 정기예금, 정기적금, 신용부금 만기수령액 이하를 1년 이상으로 재예치시",1,내·외국인 대상,1만원이상 가입가능,202404151948,-1
1444,영진저축은행,310010,e-정기적금,['인터넷'],"만기후 1개월이내 해지시 약정이율 적용(가입시점 이율과 만기시점 이율 중 낮은 이율)
만기후 1개월이후 해지시 보통예금금리(0.5%)적용",없음,1,내·외국인 대상,1만원이상 가입가능,202404151948,-1
1445,영진저축은행,310011,m-정기적금,['스마트폰'],"만기후 1개월이내 해지시 약정이율 적용(가입시점 이율과 만기시점 이율 중 낮은 이율)
만기후 1개월이후 해지시 보통예금금리(0.5%)적용",없음,1,내·외국인 대상,1만원이상 가입가능,202404151948,-1
1446,영진저축은행,310012,SB톡톡-정기적금,['스마트폰'],"만기후 1개월이내 해지시 약정이율 적용(가입시점 이율과 만기시점 이율 중 낮은 이율)
만기후 1개월이후 해지시 보통예금금리(0.5%)적용",없음,1,내·외국인 대상,1만원이상 가입가능,202404151948,-1
1447,영진저축은행,380001,자유적립예금,['영업점'],"만기후 1개월이내 해지시 약정이율 적용(가입시점 이율과 만기시점 이율 중 낮은 이율)
만기후 1개월이후 해지시 보통예금금리(0.5%)적용","계약기간이 1년이상인 정기예금, 정기적금, 신용부금 만기수령액 이하를 1년 이상으로 재예치시",1,내·외국인 대상,"1천원이상 가입가능, 최소가입기간 3개월이상",202402131452,-1
1448,융창저축은행,310000,정기적금,['영업점'],"- 만기 후 1개월 이하: 적금 계좌의 약정이율과 만기시점 해당상품 신규약정이율 중 낮은 이율 적용
- 만기 후 1개월 초과:0.2%",없음,1,제한없음,없음,202406240915,-1
1449,융창저축은행,311000,e정기적금,"['인터넷', '스마트폰']","- 만기 후 1개월 이하: 적금 계좌의 약정이율과 만기시점 해당상품 신규약정이율 중 낮은 이율 적용
- 만기 후 1개월 초과:0.2%",없음,1,제한없음,없음,202406240915,-1
1450,융창저축은행,311100,SB톡톡 정기적금,['스마트폰'],"- 만기 후 1개월 이하: 적금 계좌의 약정이율과 만기시점 해당상품 신규약정이율 중 낮은 이율 적용
- 만기 후 1개월 초과:0.2%",없음,1,제한없음,없음,202406240915,-1
1451,세람상호저축은행,310001,정기적금,"['영업점', '인터넷', '스마트폰']","1개월내 : 약정금리와 해당 계약기간의 현행금리 중 낮은 금리 
1개월 초과: 보통예금 금리","인터넷뱅킹, 스마트폰뱅킹 가입 시 우대금리 지급(+0.2~0.3%)",1,제한없음,없음,202411011041,-1
1452,세람상호저축은행,310035,비대면 정기적금,['Unknown'],"1개월내 : 약정금리와 해당 계약기간의 현행금리 중 낮은 금리 
1개월 초과: 보통예금 금리",-,1,제한없음,없음,202411011041,-1
1453,세람상호저축은행,310052,착한운전정기적금,['영업점'],"1개월내 : 약정금리와 해당 계약기간의 현행금리 중 낮은 금리 
1개월 초과: 보통예금 금리","조건에 따른 우대금리[최저0.5%~최고1.0%] -착한운전마일리지 신청자, 저공해차량 운전자, 전기차운전자, 수소차운전자, 장애인차량운전자",1,제한없음,없음,202411011041,-1
1454,세람상호저축은행,310056,행복나눔정기적금,['영업점'],"1개월내 : 약정금리와 해당 계약기간의 현행금리 중 낮은 금리 
1개월 초과: 보통예금 금리","조건에 따른 우대금리[최저0.5%~최고1.0%] -자원봉사자, 헌혈자",1,제한없음,없음,202411011041,-1
1455,세람상호저축은행,310601,내가디자인하는적금,['영업점'],"1개월내 : 약정금리와 해당 계약기간의 현행금리 중 낮은 금리 
1개월 초과: 보통예금 금리","해당 적용조건에 따른 우대금리 제공[0.1% ~ 0.5%]
-정기예금 이용 -첫번째 적금 가입 -고객등록5년이상 -2인이상 동반가입 -다자녀(3인)를 두신 -올해의 띠 -60세 이상 -계약기간 24개월 이상 -계약기간36개월 이상 -자동만기재예치 고객",1,제한없음,없음,202411011041,-1
1456,페퍼저축은행,31-0026,정기적금,['영업점'],"* 만기 후 1개월 이내 기간 : 최종 이율과 만기 시점 동일 상품 동일 계약기간의 신규 약정금리 중 낮은 금리를 적용
* 만기 후 1개월 초과 이후 기간 : 보통예금 이율(연 0.50%) 적용",우대사항 없음,1,제한없음,최소가입금액: 1만원 이상,202303020836,-1
1457,페퍼저축은행,31-0027,"정기적금 (인터넷,스마트,비대면)","['인터넷', '스마트폰']","* 만기 후 1개월 이내 기간 : 최종 이율과 만기 시점 동일 상품 동일 계약기간의 신규 약정금리 중 낮은 금리를 적용
* 만기 후 1개월 초과 이후 기간 : 보통예금 이율(연 0.50%) 적용",우대사항 없음,1,제한없음,최소가입금액: 1만원 이상,202303020836,-1
1458,페퍼저축은행,31-0031,페퍼스2030적금 (디지털페퍼앱),['스마트폰'],"-만기 후 1개월 이내 기간 : 당초 기본이율과 만기 시점 동일 상품 동일 계약기간의 신규 약정금리 중 낮은 금리를 적용 
-만기 후 1개월 초과 이후 기간 : 보통예금 이율(연 0.50%) 적용 
-납입지연,만기앞당김 이율 : 기간별 가입당일 약정이율 적용","-우대이율 최고 연1.5%적용(우대금리는 만기해지에 한해 조건충족시 적용)
조건1)당행 입출금계좌에서 페퍼스2030적금 계좌로 6회이상 자동이체 시 1.0% 우대 
조건2)마케팅 상품서비스 안내(문자,전화 2개항목) 모두 동의 시(신규일부터 만기일까지 유지) 0.5%우대 
*조건1,2,는 각각 적용 가능",1,"실명의 개인(1인1계좌, 당행입출금계좌 보유 고객)","비대면 전용, 기본이율 3.5%+우대이율 최고 1.5%(우대이율: 당행 입출금계좌에서 페퍼룰루 2030적금으로 6회이상 자동이체 시, 1.0%, 마케팅 상품서비스 안내문자 전화동의시 0.5%)
-가입자격: 1인1계좌 당행입출금계좌 보유고객
-가입기간 12개월
-가입금액: 1만원~30만원",202204010829,300000
1459,페퍼저축은행,31-0032,페퍼스정기적금 (디지털페퍼앱),['스마트폰'],"* 만기 후 1개월 이내 기간 : 최종 이율과 만기 시점 동일 상품 동일 계약기간의 신규 약정금리 중 낮은 금리를 적용
* 만기 후 1개월 초과 이후 기간 : 보통예금 이율(연 0.50%) 적용",우대사항 없음,1,실명의 개인,"비대면 전용상품
최소가입금액: 1만원 이상",202303020836,-1
1460,페퍼저축은행,31-0039,페퍼스 펫적금 with 핏펫,['스마트폰'],"* 만기 후 1개월 이내 기간 : 당초 약정금리 또는 만기시 동일상품 동일계약기간의
신규 약정금리 중 낮은 이율
* 만기 후 1개월 초과 이후 기간 : 보통예금 이율 적용",해당사항 없음,1,"개인고객(1인 1계좌, 당행 입출금 보유고객 중 핏펫 앱에서 로그인 후 쿠폰코드를 수령한 고객)",최소가입금액: 1만원 이상,202405071646,500000
1461,페퍼저축은행,310033,AI Peppers 배구사랑 정기적금,['스마트폰'],"*신규가입일 당시 영업점 및 인터넷 홈페이지에 고시한 경과기간별 만기후이자율 적용
*만기 후 이자율
- 1개월 이내 (당초 약정금리 또는 만기시 동일상품 동일계약기간의 신규 약정금리 중 낮은 이율) 
- 1개월 초과 ~ (보통예금 이율)
- 납입지연 이율(만기앞당김 이율 기간별 정기적금 기본이율)",우대사항 없음,1,"개인고객(당행 입출금 계좌 보유 고객 중 페퍼스타디움 방문 관람 시 제공된 쿠폰코드를 수령한 고객, 1인1계좌),
쿠폰 유효기간에 한함","*최소가입금액: 1만원 이상
*최고한도(단위:원) 50만원(정액 적립식)",202301161124,500000
1462,상상인저축은행,GP310001,뱅뱅뱅 정기적금,['스마트폰'],연0.1%,없음,1,제한없음,없음,202108131200,-1
1463,상상인저축은행,GP310015,정기적금,"['영업점', '인터넷', '스마트폰']",연0.1%,없음,1,제한없음,없음,202108131200,-1
1464,상상인저축은행,GP310017,비대면 정기적금,['스마트폰'],연0.1%,없음,1,제한없음,없음,202108131200,-1
1465,한화저축은행,310037,한화가족사랑정기적금,['영업점'],"- 만기 후 1개월 이하: 만기일 현재 금리 적용
- 만기 후 1개월 초과: 보통예금 이율",없음,1,없음,없음,202411191750,-1
1466,한화저축은행,310039,e뱅킹정기적금,"['인터넷', '스마트폰']","- 만기 후 1개월 이하: 만기일 현재 금리 적용
- 만기 후 1개월 초과: 보통예금 이율",없음,1,"인터넷뱅킹, 스마트폰뱅킹 전용",없음,202411191750,-1
1467,한화저축은행,310051,Mymo 정기적금,['스마트폰'],"- 만기 후 1개월 이하: 만기일 현재 금리 적용
- 만기 후 1개월 초과: 보통예금 이율",없음,1,자체앱(Mymo) 전용,자체앱(Mymo) 전용,202411191750,-1
1468,CK저축은행,310004,정기적금,['영업점'],- 만기 후 1개월 이내 : 약정금리 - 만기 후 1개월 초과 : 연 0.1%,없음,1,제한없음,없음,202411210855,-1
1469,CK저축은행,310005,"정기적금(인터넷,모바일,비대면)","['인터넷', '스마트폰']",- 만기 후 1개월 이내 : 약정금리 - 만기 후 1개월 초과 : 연 0.1%,없음,1,제한없음,없음,202411210855,-1
1470,대명상호저축은행,310002,더 드림 정기적금,['영업점'],"- 만기 후 1개월 이하: 약정금리와 동일한 금리 적용
- 만기 후 1개월 초과: 보통예금이율",없음,1,누구나가입가능,월 불입액 최대 500만원,202409101714,-1
1471,대명상호저축은행,310009,자유적립식예금,['영업점'],"- 만기 후 1개월 이하: 약정금리와 동일한 금리 적용
- 만기 후 1개월 초과: 보통예금이율",없음,1,누구나가입가능,자유적립식,202305030828,50000000
1472,대명상호저축은행,401003,정기적금,['영업점'],"- 만기 후 1개월 이하: 약정금리와 동일한 금리 적용
- 만기 후 1개월 초과: 보통예금이율",없음,1,누구나가입가능,없음,202409101714,-1
1473,우리금융저축은행,310024,정기적금,['영업점'],*만기 후 1개월 이내: 가입 시 약정이율과 만기 시 판매이율 중 낮은금리 적용 *1개월 초과 시 : 연0.3% *2019.07.01. 이후 가입분 부터적용.이전가입분은 연0.3%,인터넷/스마트폰뱅킹 가입시 0.1% 우대,1,제한없음,-,202411211122,-1
1474,우리금융저축은행,310034,e-정기적금,"['인터넷', '스마트폰']",*만기 후 1개월 이내: 가입 시 약정이율과 만기 시 판매이율 중 낮은금리 적용 *1개월 초과 시 : 연0.3% *2019.07.01. 이후 가입분 부터적용.이전가입분은 연0.3%,-,1,제한없음,-,202411211122,-1
1475,청주저축은행,310008,정기적금,['영업점'],"1개월이내 : 만기시 동일사품 동일계약기간의 신규 약정금리
1개월초과 : 보통예금이율",없음,1,제한없음,상품 문의 ☎ 043-256-9114,202411180849,-1
1476,청주저축은행,310010,정기적금(온라인),"['인터넷', '스마트폰']","1개월이내 : 만기시 동일사품 동일계약기간의 신규 약정금리
1개월초과 : 보통예금이율",없음,1,제한없음,상품 문의 ☎ 043-256-9114,202411180849,-1
1477,청주저축은행,310011,펫팸정기적금_천안지점,['영업점'],"1개월이내 : 만기시 동일사품 동일계약기간의 신규 약정금리
1개월초과 : 보통예금이율",없음,1,반려동물을 키우는 지점방문고객(개인),상품 문의 ☎ 041-522-9114,202411180849,-1
1478,한성저축은행,31-0004,정기적금,['영업점'],"- 만기후 1개월이내 : 가입시점 약정이율과 만기시점 현행이율 중 낮은이율 적용
- 만기후 1개월초과 : 만기후 1개월 초과시점의 보통예금 이율 적용",없음,1,제한없음,"*방문가입
* 중도해지이율
- 1개월미만 : 계약일의 보통예금 이율
- 1개월이상 6개월미만 : 약정이율의 50%
- 6개월이상 12개월미만 : 약정이율의 55%
- 12개월이상 : 약정이율의 60%
* 단, 최저금리는 보통예금이율 이상 적용",202402280836,-1
1479,한성저축은행,31-0005,e-정기적금,['인터넷'],"- 만기후 1개월이내 : 가입시점 약정이율과 만기시점 현행이율 중 낮은이율 적용
- 만기후 1개월초과 : 만기후 1개월 초과시점의 보통예금 이율 적용",없음,1,제한없음,"* 중도해지이율
- 1개월미만 : 계약일의 보통예금 이율
- 1개월이상 6개월미만 : 약정이율의 50%
- 6개월이상 12개월미만 : 약정이율의 55%
- 12개월이상 : 약정이율의 60%
* 단, 최저금리는 보통예금이율 이상 적용",202402280836,-1
1480,한성저축은행,31-0006,m-정기적금,['스마트폰'],"- 만기후 1개월이내 : 가입시점 약정이율과 만기시점 현행이율 중 낮은이율 적용
- 만기후 1개월초과 : 만기후 1개월 초과시점의 보통예금 이율 적용",없음,1,제한없음,"* 중도해지이율
- 1개월미만 : 계약일의 보통예금 이율
- 1개월이상 6개월미만 : 약정이율의 50%
- 6개월이상 12개월미만 : 약정이율의 55%
- 12개월이상 : 약정이율의 60%
* 단, 최저금리는 보통예금이율 이상 적용",202402280836,-1
1481,상상인플러스저축은행,02010,정기적금,['영업점'],"만기후 1개월 이내 : 최초 약정이율과 해지 시점 이율 비교 후 낮은금리 적용
만기후 1개월 이후 : 보통예금 이율 적용(연 0.1%)",없음,1,제한없음,"* 중도해지 이율
1개월 미만 : 연0.1%
1개월 이상 ~ 12개월 미만 : 약정이율의 50%
12개월 이상 ~ 24개월 미만 : 약정이율의 55%",202406191013,-1
1482,상상인플러스저축은행,02011,e-정기적금,"['인터넷', '스마트폰']","만기후 1개월 이내 : 최초 약정이율과 해지 시점 이율 비교 후 낮은금리 적용
만기후 1개월 이후 : 보통예금 이율 적용(연 0.1%)",없음,1,제한없음,"* 중도해지 이율
1개월 미만 : 연0.1%
1개월 이상 ~ 12개월 미만 : 약정이율의 50%
12개월 이상 ~ 24개월 미만 : 약정이율의 55%",202406191013,-1
1483,상상인플러스저축은행,02012,비대면 정기적금,['스마트폰'],"만기후 1개월 이내 : 최초 약정이율과 해지 시점 이율 비교 후 낮은금리 적용
만기후 1개월 이후 : 보통예금 이율 적용(연 0.1%)",없음,1,제한없음,"* 중도해지 이율
1개월 미만 : 연0.1%
1개월 이상 ~ 12개월 미만 : 약정이율의 50%
12개월 이상 ~ 24개월 미만 : 약정이율의 55%",202406191013,-1
1484,상상인플러스저축은행,02070,크크크 정기적금,['스마트폰'],"만기후 1개월 이내 : 최초 약정이율과 해지 시점 이율 비교 후 낮은금리 적용
만기후 1개월 이후 : 보통예금 이율 적용(연 0.1%)",없음,1,제한없음,"* 중도해지 이율
1개월 미만 : 연0.1%
1개월 이상 ~ 12개월 미만 : 약정이율의 50%
12개월 이상 ~ 24개월 미만 : 약정이율의 55%",202406191013,-1
1485,아산저축은행,240019,SB톡톡-정기예금,['스마트폰'],"1개월 내 : 가입시점, 만기시점 낮은 단리이율적용, 이후 보통예금 금리 적용",없음,1,제한없음,없음,202401080856,-1
1486,아산저축은행,310011,정기적금,['영업점'],"1개월 내 : 가입시점, 만기시점 낮은 단리이율적용, 이후 보통예금 금리 적용",없음,1,제한없음,없음,202406030910,-1
1487,아산저축은행,310012,꿈나무장학적금,['영업점'],"1개월 내 : 가입시점, 만기시점 비교 낮은 단리이율 적용, 이후 보통예금 금리 적용",없음,1,1~19세,없음,202211150941,300000
1488,아산저축은행,310016,e-정기적금,"['인터넷', '스마트폰']","1개월 내 : 가입시점, 만기시점 비교 낮은 단리이율 적용, 이후 보통예금 금리 적용",없음,1,제한없음,없음,202406030910,-1
1489,아산저축은행,310017,SB톡톡-정기적금,['스마트폰'],"1개월 내 : 가입시점, 만기시점 비교 낮은 단리이율 적용, 이후 보통예금 금리 적용",없음,1,제한없음,없음,202406030910,-1
1490,오투저축은행,310001,정기적금,['영업점'],"1. 2019년 7월 1일 이전 신규
-보통예금 이율

2. 2019년 7월 1일 신규분 부터
-1개월이내: 신규시점 약정이율과 만기시점 약정이율 중 낮은 이율
-1개월 초과: 보통예금 이율",없음,1,제한없음,"중도해지이율
-1개월 미만: 보통예금이율
-1개월 이상~3개월 미만: 계약일의 계약기간별 약정이율의 50%
-3개월 이상~12개월 미만: 계약일의 계약기간별 약정이율의 60%
-12개월 이상: 계약일의 계약기간별 약정이율의 70%",202411210835,-1
1491,오투저축은행,310010,비대면 정기적금,['스마트폰'],"1. 2019년 7월 1일 이전 신규
-보통예금 이율

2. 2019년 7월 1일 신규분 부터
-1개월이내: 신규시점 약정이율과 만기시점 약정이율 중 낮은 이율
-1개월 초과: 보통예금 이율",없음,1,제한없음,"중도해지이율
-1개월 미만: 보통예금이율
-1개월 이상~3개월 미만: 계약일의 계약기간별 약정이율의 50%
-3개월 이상~12개월 미만: 계약일의 계약기간별 약정이율의 60%
-12개월 이상: 계약일의 계약기간별 약정이율의 70%",202411210835,-1
1492,오투저축은행,310011,E-정기적금,['인터넷'],"1. 2019년 7월 1일 이전 신규
-보통예금 이율

2. 2019년 7월 1일 신규분 부터
-1개월이내: 신규시점 약정이율과 만기시점 약정이율 중 낮은 이율
-1개월 초과: 보통예금 이율",없음,1,제한없음,"중도해지이율
-1개월 미만: 보통예금이율
-1개월 이상~3개월 미만: 계약일의 계약기간별 약정이율의 50%
-3개월 이상~12개월 미만: 계약일의 계약기간별 약정이율의 60%
-12개월 이상: 계약일의 계약기간별 약정이율의 70%",202411210835,-1
1493,스타저축은행,310003,정기적금,['영업점'],"*만기후 1개월이내: 최초 약정이율과 만기시점 이율 중 낮은 금리 적용, 만기후 1개월 초과: 보통예금 금리 적용",없음,1,제한없음,없음,202411220849,-1
1494,스타저축은행,310004,스타e_정기적금,"['인터넷', '스마트폰']","*만기후 1개월이내: 최초 약정이율과 만기시점 이율 중 낮은 금리 적용, 만기후 1개월 초과: 보통예금 금리 적용",없음,1,제한없음,없음,202411220849,-1
1495,대한저축은행,310007,정기적금,['영업점'],"- 만기후 1개월이내 : 가입당시 약정금리와 현재금리 비교 후 낮은 금리

- 만기후 1개월초과 : 보통예금 금리",없음,1,제한없음,해당없음,202405170839,-1
1496,대한저축은행,310008,장학적금자유식,['영업점'],"- 만기후 1개월이내 : 가입당시 약정금리와 현재금리 비교 후 낮은 금리 
- 만기후 1개월초과 : 보통예금 금리",없음,3,만19세 미만의 청소년만 가입가능,창구에서만 가입가능,202208251059,30000000
1497,대한저축은행,310010,정기적금-인터넷,"['인터넷', '스마트폰']","- 만기후 1개월이내 : 가입당시 약정금리와 현재금리 비교 후 낮은 금리

- 만기후 1개월초과 : 보통예금 금리",없음,1,제한없음,해당없음,202405170839,-1
1498,동양저축은행,310006,정기적금,['영업점'],"1개월내: 가입 당시 이율과 만기시점 해당 계약기간 이율과 비교하여 낮은 금리적용
1개월후: 보통예금 금리와 동일",없음,1,제한없음,없음,202411051719,-1
1499,동양저축은행,310007,"정기적금(비대면,인터넷뱅킹,스마트폰뱅킹)","['인터넷', '스마트폰']","1개월내: 가입 당시 이율과 만기시점 해당 계약기간 이율과 비교하여 낮은 금리적용
1개월후: 보통예금 금리와 동일",없음,1,제한없음,없음,202411051719,-1
1500,더블저축은행,310011,정기적금,['영업점'],"*만기경과 1개월이내 : 
- 해당 약정기간 정기적금 현행이율
*만기경과 1개월이후 : 보통예금 이율",없음,1,제한없음,예금자보호한도외 기타사항 없음,202402010846,-1
1501,더블저축은행,310012,"정기적금(인터넷뱅킹,비대면)",['인터넷'],"*만기경과 1개월이내 : 
- 해당 약정기간 정기적금 현행이율
*만기경과 1개월이후 : 보통예금 이율",없음,1,제한없음,예금자보호한도외 기타사항 없음,202402010846,-1
1502,센트럴저축은행,31,정기적금,['영업점'],(만기 후 예치 기간 기준) * 1개월까지: 당초 약정이율 * 1개월 초과: 0.5%,없음.,1,제한없음.,중도해지 이율 (실 예치 기간 기준) *1개월 미만: 0.5% *1개월~3개월 미만: 1.0% *3개월~6개월 미만: 1.3% *6개월~10개월 미만: 1.6% *10개월 이상: 1.8%,202210140815,-1
1503,센트럴저축은행,310005,"정기적금 (인터넷뱅킹,스마트뱅킹,비대면)","['인터넷', '스마트폰']",(만기 후 예치 기간 기준) * 1개월까지: 당초 약정이율 * 1개월 초과: 0.5%,없음.,1,제한없음.,중도해지 이율 (실 예치 기간 기준) *1개월 미만: 0.5% *1개월~3개월 미만: 1.0% *3개월~6개월 미만: 1.3% *6개월~10개월 미만: 1.6% *10개월 이상: 1.8%,202210140815,-1
1504,센트럴저축은행,38,자유 적립예금,['영업점'],- 보통예금 기본이율,없음,1,제한없음,없음,202108131200,-1
1505,스마트저축은행,WR0001B,정기적금,['영업점'],"○ 만기후 1개월이내 : 가입당시 약정이율과 만기시점 해당상품 신규약정이율 중 낮은이율 
○ 만기후 1개월이후 : 0.3%",없음,1,누구나 가입가능,가입한도 없음,202207191344,-1
1506,스마트저축은행,WR0001K,e-정기적금,"['인터넷', '스마트폰']","○ 만기후 1개월이내 : 가입당시 약정이율과 만기시점 해당상품 신규약정이율 중 낮은이율 
○ 만기후 1개월이후 : 0.3%",없음,1,누구나 가입가능,"가입채널 제한(인터넷, 모바일 전용)",202207191344,-1
1507,스마트저축은행,WR0001N,e-로운 정기적금,['스마트폰'],"○ 만기후 1개월이내 : 가입당시 약정이율과 만기시점 해당상품 신규약정이율 중 낮은이율 
○ 만기후 1개월이후 : 0.3%",없음,1,누구나 가입가능,가입채널 제한(스마트폰 전용),202207191344,-1
1508,한국투자저축은행,310001,정기적금,['영업점'],"- 1개월 이하 : 당초 약정이율과 만기시점 해당상품 신규약정이율 중 낮은 이율
- 1개월 초과 : 연 0.2%",- 없음,1,제한없음,- 없음,202407011104,999999999
1509,한국투자저축은행,310003,정기적금(자유적립식),['영업점'],"- 1개월 이하 : 당초 약정이율과 만기시점 해당상품 신규약정이율 중 낮은 이율
- 1개월 초과 : 연 0.2%",- 없음,1,제한없음,- 없음,202407011104,999999999
1510,한국투자저축은행,310005,인터넷정기적금,['인터넷'],"- 1개월 이하 : 당초 약정이율과 만기시점 해당상품 신규약정이율 중 낮은 이율
- 1개월 초과 : 연 0.2%",- 없음,1,제한없음,- 없음,202407011104,999999999
1511,한국투자저축은행,310006,인터넷정기적금(자유적립식),['인터넷'],"- 1개월 이하 : 당초 약정이율과 만기시점 해당상품 신규약정이율 중 낮은 이율
- 1개월 초과 : 연 0.2%",- 없음,1,제한없음,- 없음,202407011104,999999999
1512,한국투자저축은행,310030,비대면 정기적금,['스마트폰'],"- 1개월 이하 : 당초 약정이율과 만기시점 해당상품 신규약정이율 중 낮은 이율
- 1개월 초과 : 연 0.2%",- 없음,1,제한없음,- 없음,202407011104,999999999
1513,한국투자저축은행,310041,중도해지안심정기적금,['영업점'],"- 1개월 이하 : 당초 약정이율과 만기시점 해당상품 신규약정이율 중 낮은 이율
- 1개월 초과 : 연 0.2%",-예적금담보대출 가산금리 우대(상품약정금리+0.5%)창구 방문하여 해당상품을 담보로 제공한 대출 실행 시에만 해당,1,제한없음,- 없음,202411081247,1000000
1514,한국투자저축은행,310042,오!직창구정기적금,['영업점'],"- 1개월 이하 : 당초 약정이율과 만기시점 해당상품 신규약정이율 중 낮은 이율
- 1개월 초과 : 연 0.2%","-만기 해지 후 (회전)정기예금 전환 가입 시 우대금리 적용(※전환 가입시, 최초1회)
-만기해지 총금액 50%이상&가입기간 6개월 이상 전환가입: 가입시점(회전)정기예금 기본이율+0.2%
-만기해지 총금액 50%미만&가입기간 6개월 이상 전환가입: 가입시점(회전)정기예금 기본이율+0.1%",1,신규거래고객,- 없음,202411131603,1000000
1515,한국투자저축은행,311098,스마트뱅킹 정기적금,['스마트폰'],"- 1개월 이하 : 당초 약정이율과 만기시점 해당상품 신규약정이율 중 낮은 이율
- 1개월 초과 : 연 0.2%",- 없음,1,제한없음,- 없음,202407011104,999999999
1516,한국투자저축은행,311099,스마트뱅킹 정기적금(자유적립식),['스마트폰'],"- 1개월 이하 : 당초 약정이율과 만기시점 해당상품 신규약정이율 중 낮은 이율
- 1개월 초과 : 연 0.2%",- 없음,1,제한없음,- 없음,202407011104,999999999
1517,라온저축은행,310006,정기적금,"['영업점', '인터넷', '스마트폰']","1개월이하:당초 약정금리 또는 만기시 동일상품 동일계약기간의 신규 약정금리 중 낮은이율
1개월초과:보통예금이율",-,1,제한없음,최소금액 1만원이상,202405220856,1000000000
1518,드림저축은행,310012,인터넷 정기적금,['인터넷'],"-1개월 이내: 공시이율과 약정이율 중 낮은 이율
-1개월 초과: 보통예금 금리",-,1,- 제한없음,-인터넷 전용,202401110856,-1
1519,드림저축은행,310018,톡톡 정기적금 (비대면),['스마트폰'],"-1개월 이내: 공시이율과 약정이율 중 낮은 이율
-1개월 초과: 보통예금 금리",-,1,- 제한없음,"-스마트폰
전용",202401110856,-1
1520,드림저축은행,310020,정기적금,['영업점'],"-1개월 이내: 공시이율과 약정이율 중 낮은 이율
-1개월 초과: 보통예금 금리",-,1,- 제한없음,-,202401110856,-1
1521,대아상호저축은행,310003,정기적금,['영업점'],"- 만기 후 1개월 이내 : 당초 약정금리 또는 만기시 동일상품 동일계약기간의 신규 약정금리 중 낮은 이율
- 만기 후 1개월 초과 : 보통예금 이율",없음,1,제한없음,"예금자보호법에 따라 예금보험공사가 보호하되, 원금과 소정의 이자를 합하여 1인당 ""최고 5천만원""이며, 5천만원을 초과하는 나머지 금액은 보호하지 않습니다.",202401041427,-1
1522,머스트삼일저축은행,310003,비대면정기적금,['스마트폰'],"- 만기후 1개월 이내 : 약정이율 Ⅹ 100%
- 만기후 1개월 초과 : 연0.2%",없음,1,제한없음,없음,202109080901,-1
1523,머스트삼일저축은행,310008,정기적금,['영업점'],"-만기후 1개월 이내 : 약정이율 Ⅹ 100% 
-만기후 1개월 초과: 연0.2%",없음,1,제한없음,없음,202312151512,-1
1524,머스트삼일저축은행,310009,e-정기적금,['인터넷'],"-만기후 1개월 이내 : 약정이율 Ⅹ 100% 
-만기후 1개월 초과: 연0.2%",없음,1,제한없음,없음,202312151512,-1
1525,참저축은행,C614004,정기적금,['영업점'],*만기 후 1개월 간 : 가입이율과 만기일 당시 기간별 정기적금이율 중 낮은 이율 ＊만기후 1개월초과 : 보통예금 이율 * 적용대상 : 19.07.01 신규가입자부터 적용 (이전가입자는 영업점 확인요망),없음,1,제한없음,없음,202411060828,-1
1526,참저축은행,C614005,비대면정기적금,['스마트폰'],*만기 후 1개월 간 : 가입이율과 만기일 당시 기간별 정기적금이율 중 낮은 이율 ＊만기후 1개월초과 : 보통예금 이율 * 적용대상 : 19.07.01 신규가입자부터 적용 (이전가입자는 영업점 확인요망),없음,1,만19세 이상 내국인(법인불가),SB톡톡플러스 비로그인서비스로 신규가입 시,202411060828,-1
1527,참저축은행,C614006,e-정기적금,"['인터넷', '스마트폰']",*만기 후 1개월 간 : 가입이율과 만기일 당시 기간별 정기적금이율 중 낮은 이율 ＊만기후 1개월초과 : 보통예금 이율 * 적용대상 : 19.07.01 신규가입자부터 적용 (이전가입자는 영업점 확인요망),없음,1,제한없음,"인터넷뱅킹, SB톡톡플러스 로그인 시",202411060828,-1
1528,오성저축은행,310003,플러스 정기적금,['영업점'],"1개월이하-약정금리와 기준금리 중 낮은금리
1개월초과-보통예금이율",없음,1,제한없음,없음,202407181106,-1
1529,오성저축은행,310004,플러스 정기적금(비대면),"['인터넷', '스마트폰']","1개월이하-약정금리와 기준금리 중 낮은금리
1개월초과-보통예금이율",없음,1,제한없음,없음,202407181106,-1
1530,대원상호저축은행,310001,정기적금,['영업점'],연 0.1%,없음,1,제한없음,"예금자보호법에 따라 예금보험공사가 보호하되, 원금과 소정의 이자를 합하여 1인당 ""최고 5천만원""이며 , 5천만원을 초과하는 나머지 금액은 보호하지 않습니다.",202108131200,-1
1531,에스앤티저축은행,310005,정기적금,['영업점'],"-만기 후 1개월 이내 : 가입당시 약정금리
-만기 후 1개월 이후 : 0.20% (보통예금 금리적용)",없음,1,제한없음,"예금자보호법에 의해 원리금 기준 5,000만원까지 보호",202403260839,-1
1532,에스앤티저축은행,310006,정기적금(비대면),"['인터넷', '스마트폰']","-만기 후 1개월 이내 : 가입당시 약정금리
-만기 후 1개월 이후 : 0.20% (보통예금 금리적용)",없음,1,제한없음,"예금자보호법에 의해 원리금 기준 5,000만원까지 보호",202403260839,-1
1533,솔브레인저축은행,310009,자유정기적금,"['영업점', '인터넷', '스마트폰']","- 만기후 1개월 까지 : 계약기간별 [가입 시 약정이율과 만기시점 약정이율] 중 낮은이율(고정)
- 만기후 1개월 이후 : 현행 보통예금 이율",없음,1,제한없음,없음,202411220809,-1
1534,솔브레인저축은행,310010,정기적금,"['영업점', '인터넷', '스마트폰']","- 만기후 1개월 까지 : 계약기간별 [가입 시 지급이율과 만기 시 약정이율] 중 낮은이율
- 만기후 1개월 이후 : 보통예금 이율(0.3%)","- 만기해지 시 지급이율적용
[지급이율=약정이율+우대이율
(약정이율은 가입시 정기예금 1년제(단리/창구판매)이율적용)]",1,제한없음,없음,202411220809,-1
1535,동원제일저축은행,310004,정기적금,['영업점'],-만기 후 1개월 까지: 최종약정이율과 현재이율 중 낮은금리 적용 -만기 후 1개월 초과: 보통예금 금리 적용,없음,1,제한없음,없음,202411181740,-1
1536,동원제일저축은행,310005,정기적금(비대면),"['인터넷', '스마트폰']",-만기 후 1개월 까지: 최종약정이율과 현재이율 중 낮은금리 적용 -만기 후 1개월 초과: 보통예금 금리 적용,없음,1,제한없음,월 최대 불입금: 100만원,202411181740,1000000
1537,조흥저축은행,JH0001B,정기적금,"['인터넷', '스마트폰']","만기후1개월이내 약정금리와 현행고시금리중 낮은 이율
1개월초과시 보통예금 이자율 적용",없음,1,제한없음,제한없음,202410301121,-1
1538,조흥저축은행,JH0001C,정기적금,"['인터넷', '스마트폰']","- 만기후 1개월이내 약정금리와 현행고시금리중 낮은 이율
- 1개월초과시 보통예금 이자율 적용",-,1,제한없음,제한없음,202201171132,-1
1539,조흥저축은행,JH0002D,e-정기적금,"['인터넷', '스마트폰']","만기후1개월이내 약정금리와 현행고시금리중 낮은 이율
1개월초과시 보통예금 이자율 적용",-,1,제한없음,제한없음,202401050857,-1
1540,진주저축은행,240001,정기예금(진주),"['영업점', '인터넷', '스마트폰']","- 만기일~1개월 까지 : 최초 약정이율과 만기 후 동일상품 신규가입이율 중 낮은 이율
- 1개월 초과 : 연 0.1%",없음,1,제한없음,"-만65세 이상 비과세 종합저축 5,000만원 가능",202202280945,-1
1541,진주저축은행,310007,정기적금,['영업점'],"ㆍ만기일~1개월 까지 : 최초 약정이율과 만기 후 동일상품 신규가입이율 중 낮은 이율

ㆍ1개월 초과 
: 연 0.1%",없음,1,비거주 외국인 외 제한없음,"-만65세 이상 비과세 종합저축 5,000만원 가능",202408010842,-1
1542,진주저축은행,310009,E-정기적금(비대면),['인터넷'],"ㆍ만기일~1개월 까지 : 최초 약정이율과 만기 후 동일상품 신규가입이율 중 낮은 이율

ㆍ1개월 초과 
: 연 0.1%",없음,1,비거주 외국인 외 제한없음,"-만65세 이상 비과세 종합저축 5,000만원 가능",202408010842,-1
1543,진주저축은행,310010,자유적립식적금,['영업점'],"ㆍ만기일~1개월 까지 : 최초 약정이율과 만기 후 동일상품 신규가입이율 중 낮은 이율

ㆍ1개월 초과 
: 연 0.1%",없음,1,비거주 외국인 외 제한없음,"-만65세 이상 비과세 종합저축 5,000만원 가능",202302070839,-1
1544,진주저축은행,310014,지니뱅크-정기적금(비대면),['스마트폰'],"ㆍ만기일~1개월 까지 : 최초 약정이율과 만기 후 동일상품 신규가입이율 중 낮은 이율

ㆍ1개월 초과 
: 연 0.1%",없음,1,비거주 외국인 외 제한없음,"-만65세 이상 비과세 종합저축 5,000만원 가능",202408010842,-1
1545,진주저축은행,310015,M-정기적금(비대면),['스마트폰'],"ㆍ만기일~1개월 까지 : 최초 약정이율과 만기 후 동일상품 신규가입이율 중 낮은 이율

ㆍ1개월 초과 
: 연 0.1%",없음,1,비거주 외국인 외 제한없음,"-만65세 이상 비과세 종합저축 5,000만원 가능",202408010842,-1
1546,진주저축은행,310016,안심정기적금 (창구전용),['영업점'],"ㆍ만기일~1개월 까지 : 최초 약정이율과 만기 후 동일상품 신규가입이율 중 낮은 이율

ㆍ1개월 초과 
: 연 0.1%",없음,1,비거주 외국인 외 제한없음,"-만65세 이상 비과세 종합저축 5,000만원 가능",202408010842,-1
1547,예가람저축은행,310001,정기적금,['영업점'],"* 만기후 1개월 이내 : 가입당시 약정금리
* 만기후 1개월 초과 : 보통예금금리",없음,1,제한없음,영업점 전용상품,202311240839,-1
1548,예가람저축은행,310004,2030 Start정기적금,['영업점'],"* 만기후 1개월 이내 : 가입당시 약정금리
* 만기후 1개월 초과 : 보통예금금리",만20~39세 고객 (생일기준),3,만20~39세 고객 (생일기준),영업점 전용상품,202311240839,-1
1549,예가람저축은행,310005,직장인 Plus정기적금,['영업점'],"* 만기후 1개월 이내 : 가입당시 약정금리
* 만기후 1개월 초과 : 보통예금금리",현재 재직중인 직장인 (사원증 및 명함 지참시),3,재직중인 직장인,영업점 전용상품,202311240839,-1
1550,예가람저축은행,310012,예가람 멤버십 정기적금,['영업점'],"* 만기후 1개월 이내 : 가입당시 약정금리
* 만기후 1개월 초과 : 보통예금금리",*인터넷뱅킹가입*거래기간 1년이상*정기예금 1천만원이상 또는 계약금액 이상예치*현재 정기적금 거래 또는 만기후 신규재가입*현재 여신상품거래 또는 완납,1,제한없음,영업점 전용상품,202311240839,-1
1551,예가람저축은행,310013,Hi!예가람 e정기적금,"['인터넷', '스마트폰']","* 만기후 1개월 이내 : 가입당시 약정금리
* 만기후 1개월 초과 : 보통예금금리",비대면가입,1,제한없음,"인터넷뱅킹, 스마트폰",202311240839,-1
1552,제이티저축은행,310010,정기적금,"['영업점', '인터넷', '스마트폰']","- 1개월 이내 : 예치시점 약정금리
- 1개월 초과 : 0.1%",없음,1,제한없음,현금IC카드 발급 불가 상품,202108131200,-1
1553,삼호저축은행,310001,정기적금,['영업점'],"만기후 1개월 이내 해지시 약정금리 적용, 만기후 1개월 초과 이후 해지시 보통예금 이율적용",없음,1,없음,없음,202411190804,-1
1554,삼호저축은행,310008,정기적금(인터넷-모바일),"['인터넷', '스마트폰']","만기후 1개월 이내 해지시 약정금리 적용, 만기후 1개월 초과 이후 해지시 보통예금 이율적용",없음,1,없음,없음,202411190804,-1
1555,삼호저축은행,310013,정기적금(자유적립식),['영업점'],"만기후 1개월 이내 해지시 약정금리 적용, 만기후 1개월 초과 이후 해지시 보통예금 이율적용(2020.7월27일 현재 보통예금 이율 0.5%)",없음,1,없음,없음,202209150824,-1
1556,삼호저축은행,310015,정기적금(자유적립식-인터넷뱅킹),"['인터넷', '스마트폰']","만기후 1개월 이내 해지시 약정금리 적용, 만기후 1개월 초과 이후 해지시 보통예금 이율적용(2020.7월27일 현재 보통예금 이율 0.5%)",없음,1,없음,없음,202209150824,-1
1557,엔에이치저축은행,31001,정기적금,['영업점'],"-1개월 이내: 지급 전일까지 해당 계좌의 약정금리와 기간별 적용금리 중 낮은 금리
-1개월 초과: 지급일 당시 보통예금 이율",NH멤버스 회원인 경우 연 0.1% 우대금리 적용,1,제한없음,"-가입금액: 월불입금 1만원 이상
-가입기간: 6개월이상 36개월 이하",202404110927,-1
1558,엔에이치저축은행,31501,비대면정기적금,"['인터넷', '스마트폰']","-1개월 이내: 지급 전일까지 해당 계좌의 약정금리와 기간별 적용금리 중 낮은 금리
-1개월 초과: 지급일 당시 보통예금 이율",없음,1,제한없음,"-가입금액: 월불입금 1만원 이상
-가입기간: 6개월이상 36개월 이하",202404110927,-1
1559,엔에이치저축은행,31535,NH 친환경 행복플러스 정기적금,"['인터넷', '스마트폰']","-1개월 이내: 지급 전일까지 해당 계좌의 약정금리와 기간별 적용금리 중 낮은 금리
-1개월 초과: 지급일 당시 보통예금 이율",마케팅 상품서비스 안내(문자 포함 채널 1개 이상) 동의시 0.1%,1,-친환경 자동차를 보유한 실명의 만 19세 이상 개인,"-가입금액: 월불입금 1만원 이상
-가입기간: 12개월, 24개월
-1인 1계좌 한정",202312060836,-1
1560,대신저축은행,JJ05,스마트정기적금,['스마트폰'],"* 만기후 1개월이내: 당초 약정이율과 만기시점 해당상품 신규 약정이율 중 낮은이율
* 만기후 1개월초과: 만기시점 보통예금 이율 (현재 0.1%)",-,1,스마트뱅크 가입고객,가입채널 제한 (모바일앱전용상품),202401221317,-1
1561,대신저축은행,JJ09,정기적금,"['영업점', '인터넷']","* 만기후 1개월이내: 당초 약정이율과 만기시점 해당상품 신규 약정이율 중 낮은이율
* 만기후 1개월초과: 만기시점 보통예금 이율 (현재 0.1%)",-,1,모든고객,없음,202401221317,-1
1562,대신저축은행,JJ10,정기적금(자유식),"['영업점', '인터넷', '스마트폰']","* 만기후 1개월이내: 당초 약정이율과 만기시점 해당상품 신규 약정이율 중 낮은이율
* 만기후 1개월초과: 만기시점 보통예금 이율 (현재 0.1%)",-,1,모든고객,없음,202401221317,-1
1563,아이비케이저축은행,310040,참똑똑한IBK저축은행정기적금,"['영업점', '인터넷', '스마트폰']","- 만기경과 1개월 이내 
: 약정금리와 현행고시 
금리중 낮은이율

- 만기경과 1개월 초과
: 보통예금 이율","비대면, 인터넷,모바일 가입시 0.1%우대(12개월이상)",1,없음,없음,202401020838,-1
1564,아이비케이저축은행,310041,참똑똑한IBK저축은행정기적금정기적금(인터넷뱅킹),"['인터넷', '스마트폰']","- 만기경과 1개월 이내 
: 약정금리와 현행고시 
금리중 낮은이율

- 만기경과 1개월 초과
: 보통예금 이율",없음,1,없음,없음,202401020838,-1
1565,아이비케이저축은행,310042,참똑똑한IBK저축은행정기적금(비대면),['스마트폰'],"- 만기경과 1개월 이내 
: 약정금리와 현행고시 
금리중 낮은이율

- 만기경과 1개월 초과
: 보통예금 이율",없음,1,없음,없음,202401020838,-1
1566,비엔케이저축은행,BNK1002,정기적금,"['영업점', '인터넷', '스마트폰']","* 1개월내 
: 당초 약정이율 또는 만기시 동일상품 동일계약기간의 신규 약정이율(단리) 중 낮은 이율 적용
* 1개월이후
: 보통예금 금리 적용",없음,1,제한없음,없음,202404110848,-1
1567,케이비저축은행,310002,KB착한정기적금,['영업점'],"- 1개월이내 : 신규가입일 당시 약정이율과 만기일 현재 고시이율 중 낮은 이율
- 1개월초과 : 보통예금이율","- 인터넷뱅킹 신규가입하여 출금계좌를 등록한 후 당일 창구 신규시 우대금리 연 0.1%p적용. 
단, 신규가입일 포함 14일 이내 타기관 공인인증서 미등록시 우대금리 적용해제
-KB스타클럽 고객 연0.1%p적용.
단, 베스트, 그랜드, VIP,VVIP등급 적용",1,제한없음,"- 12~36개월
- 가입금액: 1만원이상~100만원이하
- Kbe-Plus착한정기적금과 납입한도 합산 적용",202404020913,1000000
1568,케이비저축은행,310003,KB착한e-Plus정기적금,"['인터넷', '스마트폰']","- 1개월이내 : 신규가입일 당시 약정이율과 만기일 현재 고시이율 중 낮은 이율
- 1개월초과 : 보통예금이율","-KB스타클럽 고객 연0.1%p적용.
단, 베스트, 그랜드, VIP,VVIP등급 적용",1,제한없음,"- 12~36개월
- 가입금액: 1만원이상~100만원이하
- KB착한정기적금과 납입한도 합산 적용",202404020913,1000000
1569,케이비저축은행,310004,KB일반정기적금,['영업점'],"- 1개월이내 : 신규가입일 당시 약정이율과 만기일 현재 고시이율 중 낮은 이율
- 1개월초과 : 보통예금이율","- 인터넷뱅킹 신규가입하여 출금계좌를 등록한 후 당일 창구 신규시 우대금리 연 0.1%p적용. 
단, 신규가입일 포함 14일 이내 타기관 공인인증서 미등록시 우대금리 적용해제
-KB스타클럽 고객 연0.1%p적용.
단, 베스트, 그랜드, VIP,VVIP등급 적용",1,제한없음,"- 12~36개월
- 가입금액: 1만원이상",202404020913,-1
1570,케이비저축은행,310005,KB일반e-Plus정기적금,"['인터넷', '스마트폰']","- 1개월이내 : 신규가입일 당시 약정이율과 만기일 현재 고시이율 중 낮은 이율
- 1개월초과 : 보통예금이율","-KB스타클럽 고객 연0.1%p적용.
단, 베스트, 그랜드, VIP,VVIP등급 적용",1,제한없음,"- 12~36개월
- 가입금액: 1만원이상",202404020913,-1
1571,케이비저축은행,310006,KB착한누리적금,"['영업점', '인터넷', '스마트폰']","- 1개월이내 : 신규가입일 당시 약정이율과 만기일 현재 고시이율 중 낮은 이율
- 1개월초과 : 보통예금이율",인터넷뱅킹/모바일뱅킹으로 가입시 우대이율 연0.5% 적용,1,"기초생활수급자, 소년소녀가장, 한부모가족지원보호대상자, 새터민, 만65세이상 차상위계층, 장애인연금·장애수당·장애아동수당 대상자","-12개월 가입가능
- 가입금액:1만원이상~30만원이하
- 증빙서류제출후가입",202404020913,300000
1572,하나저축은행,240010,파란 하늘 정기적금,"['영업점', '인터넷', '스마트폰']","-1개월 이내 :가입 당시 약정금리
-1개월 초과 : 현행 고시 보통예금 금리","당 저축은행 APP 월1회 이상 로그인 기록 횟수에 따라 차등적용+2.0%
(7회~9회:0.5%/10회~11회:1.0%/ 12회이상:2.0%)
*월 최대 로그인 기록은 1회로 제한 적용(ex.12월 3회 로그인→12월 실적 1회 인정)
당 저축은행 개인(신용)정보 수집·이용 제공동의(상품서비스 안내 등) 및 상품서비스 안내수단 전체 동의 시 1.0%",3,"개인(1인,1계좌에 한함_활동좌기준)","1.6개월 유지시 중도해지 시점 적용된 기본금리+우대금리 이자를 지급하는 정기적금

2. 가입금액 : 1만원이상~100만원이하

3. 중도해지금리
-1개월미만 : 보통예금 금리 
-1개월이상~6개월 미만
약정금리x(경과월수/계약월수)x60%
(최저금리 : 약정금리 * 50%)

-6개월 이상: 해지시점 기본금리+우대금리",202405200832,1000000
1573,하나저축은행,310001,정기적금,"['영업점', '인터넷', '스마트폰']","-1개월 이내 :가입 당시 약정금리
-1개월 초과 : 현행 고시 보통예금 금리","* 최고우대금리 : 2.4%
- 인터넷/스마트뱅킹/모바일브랜치/SB톡톡(비대면)가입시 : 0.1%

사회적배려대상 고객가입시 (영업점 가입,1인 1계좌(활동좌),월 불입금 50만원 까지)
:2.4%

※ 단위는 연%p",1,제한없음,"1..최저 가입금액 : 1만원이상

2. 중도해지금리
-1개월미만 : 보통예금 금리 
-1개월이상 : 약정금리 * (경과월수 / 계약월수)*차등율

-1개월이상~12개월미만(차등율:60%)
-12개월이상~24개월미만(차등율:70%)
-24개월 이상(차등율 80%)",202408061055,-1
1574,하나저축은행,310002,1Q비대면정기적금,"['인터넷', '스마트폰']","-1개월 이내 :가입 당시 약정금리
-1개월 초과 : 현행 고시 보통예금 금리",없음,1,제한없음,"1..최저 가입금액 : 1만원이상

2. 중도해지금리
-1개월미만 : 보통예금 금리 
-1개월이상 : 약정금리 * (경과월수 / 계약월수)*차등율

-1개월이상~12개월미만(차등율:60%)
-12개월이상~24개월미만(차등율:70%)
-24개월 이상(차등율 80%)",202310100830,-1
1575,제이티친애저축은행,JTCSB310010,정기적금,"['영업점', '인터넷']","-1개월 이내 해지시 : 약정이율 적용 
-1개월 초과 이후 해지시 : 보통예금 금리 적용",-,1,제한없음,없음,202209200826,-1
1576,제이티친애저축은행,JTCSB310013,JT쩜피플러스 정기적금,['영업점'],"- 1개월 이내 해지시 : 약정이율 적용
- 1개월 초과 이후 해지시 : 보통예금 금리 적용","- 반려견을 키우는 고객대상으로 반려견과 함께 찍은 사진 제시
(스마트폰으로 확인 가능)
- 본인외 대리인 개설 불가",3,반려견을 키우는 고객,"1. 1인당 가입한도 : 월 1만원~50만원 
(1만원 단위로 가입 가능)
2. 가입기간 : 12개월 또는 24개월만 가능
3. 지점방문을 통한 상품가입만 가능
4. 반려견과 함께 찍은사진 직원 제시 필수
5. 본인 외 대리인 개설 불가",202303230844,500000
1577,제이티친애저축은행,JTCSB310026,비대면 정기적금,['스마트폰'],"-1개월 이내 해지시 : 약정이율 적용 
-1개월 초과 이후 해지시 : 보통예금 금리 적용",-,1,제한없음,없음,202209200826,-1
1578,신한저축은행,31000,정기적금,['영업점'],"- 1개월 이내 : 약정금리
- 1개월 초과 : 보통예금금리","▶탄소포인트제(에코마일리지) 가입 인증 완료시 0.5% 우대금리 제공
*12개월 가입에 한하여 1인1계좌 가입가능",1,제한없음,"- 이자지급방식 : 만기일시지급
- 가입방법 : 영업점 방문
- 해지방법 : 영업점 방문 또는 인터넷홈페이지/모바일앱에 접속하여 해약",202410161802,-1
1579,신한저축은행,31010,e-정기적금,['인터넷'],"- 1개월 이내 : 약정금리
- 1개월 초과 : 보통예금금리","▶탄소포인트제(에코마일리지) 가입 인증 완료시 0.5% 우대금리 제공
*12개월 가입에 한하여 1인1계좌 가입가능",1,개인,"- 이자지급방식 : 만기일시지급
- 가입방법 : 인터넷홈페이지
- 해지방법 : 인터넷홈페이지/모바일앱에 접속하여 해약",202410161802,-1
1580,신한저축은행,31030,자유적립적금,['영업점'],"- 1개월 이내 : 약정금리
- 1개월 초과 : 보통예금금리",없음,1,제한없음,"- 이자지급방식 : 만기일시지급
- 가입방법 : 영업점 방문
- 해지방법 : 영업점 방문 또는 인터넷홈페이지/모바일앱에 접속하여 해약",202410161802,-1
1581,신한저축은행,31040,e-자유적립적금,['인터넷'],"- 1개월 이내 : 약정금리
- 1개월 초과 : 보통예금금리",없음,1,개인,"- 이자지급방식 : 만기일시지급
- 가입방법 : 인터넷홈페이지
- 해지방법 : 인터넷홈페이지/모바일앱에 접속하여 해약",202410161802,-1
1582,신한저축은행,31110,s-정기적금,['스마트폰'],"- 1개월 이내 : 약정금리
- 1개월 초과 : 보통예금금리","▶탄소포인트제(에코마일리지) 가입 인증 완료시 0.5% 우대금리 제공
*12개월 가입에 한하여 1인1계좌 가입가능",1,개인,"- 이자지급방식 : 만기일시지급
- 가입방법 : 모바일앱
- 해지방법 : 인터넷홈페이지/모바일앱에 접속하여 해약
- 2023.02.13 smart-정기적금에서 s-정기적금으로 상품명 변경",202410161802,-1
1583,신한저축은행,31115,청포도 청년적금,"['인터넷', '스마트폰']","- 1개월 이내 : 약정금리
- 1개월 초과 : 보통예금금리","①개인(신용)정보 수집?이용 동의[상품서비스안내 등] 상품서비스 안내 수단 전체 동의시 0.1 % 우대금리 제공
②계약기간 총 월불입금 횟수의 1/2이상을 당사 입출금계좌에서 이체하여 불입하는 경우 0.3% 우대금리 제공
③가입 후 만기해지시까지 통장 미발행시(ESG) 0.6% 우대금리 제공",3,19~39세,"①번 우대이율은 가입시점에 지급
②③번 우대이율은 만기해지시점에 지급/가입일로부터 만기일까지의 기간에 대해 적용되며 중도해지시에는 지급하지 않음
* 우대이율은 약정금리에 반영되어 중도해지이율, 만기후이율 산정시 포함되며, 만기앞당김해지시에도 포함",202410161802,300000
1584,신한저축은행,31140,s-자유적립적금,['스마트폰'],"- 1개월 이내 : 약정금리
- 1개월 초과 : 보통예금금리",없음,1,개인,"- 이자지급방식 : 만기일시지급
- 가입방법 : 모바일앱
- 해지방법 : 인터넷홈페이지/모바일앱에 접속하여 해약
- 2023.02.13 smart-자유적립적금에서 s-자유적립적금으로 상품명 변경",202410161802,-1
1585,웰컴저축은행,1130311001,일반정기적금,['영업점'],"*만기 후 1개월 이하 : 이 예금의 가입 당시 약정금리나 만기시점의 동일 상품, 동일 계약기간의 신규약정금리 중 낮은 금리를 적용 
*만기 후 1개월 초과 : 연 0.1% ※ 만기시점의 동일 상품, 동일 계약기간이 없을 경우 가입 당시의 약정금리를 적용",계약기간(월수)의 2/3회 이상 당행 입출금통장 통한 자동이체 시 연 0.8%p,1,제한없음,영업점 전용상품,202211221046,-1
1586,웰컴저축은행,1130312001,e정기적금,['인터넷'],"*만기 후 1개월 이하 : 이 예금의 가입 당시 약정금리나 만기시점의 동일 상품, 동일 계약기간의 신규약정금리 중 낮은 금리를 적용 
*만기 후 1개월 초과 : 연 0.1% ※ 만기시점의 동일 상품, 동일 계약기간이 없을 경우 가입 당시의 약정금리를 적용",계약기간(월수)의 2/3회 이상 당행 입출금통장 통한 자동이체 시 연 0.8%p,1,제한없음,인터넷뱅킹 전용상품,202211221046,-1
1587,웰컴저축은행,1130312007,WELCOME 첫거래우대 e정기적금,['인터넷'],"*만기 후 1개월 이하 : 이 예금의 가입 당시 약정금리나 만기시점의 동일 상품, 동일 계약기간의 신규약정금리 중 낮은 금리를 적용
*만기 후 1개월 초과 : 연 0.1%
※ 만기시점의 동일 상품, 동일 계약기간이 없을 경우 가입 당시의 약정금리를 적용","① 8회 이상 당행 입출금통장 통한 자동이체로 납입 시 연 1.8%p 
② 적금 신규일부터 계약상 만기일 전일까지의 입출금통장 평잔 50만원 이상 시 연 1.5%p",1,최초 개설한 예·적금(입출금이 자유로운 예금 포함) 가입일로부터 30일 內 가입,본 상품은 최초 개설한 예·적금 가입일로부터 30일 이내 가입 가능합니다. (30일 경과시 가입 불가),202306211702,200000
1588,웰컴저축은행,1130313002,m정기적금,['스마트폰'],"*만기 후 1개월 이하 : 이 예금의 가입 당시 약정금리나 만기시점의 동일 상품, 동일 계약기간의 신규약정금리 중 낮은 금리를 적용 
*만기 후 1개월 초과 : 연 0.1% ※ 만기시점의 동일 상품, 동일 계약기간이 없을 경우 가입 당시의 약정금리를 적용",계약기간(월수)의 2/3회 이상 당행 입출금통장 통한 자동이체 시 연 0.8%p,1,제한없음,스마트(모바일)뱅킹 전용상품,202211221046,-1
1589,웰컴저축은행,1130313504,WELCOME 첫거래우대 m정기적금,['스마트폰'],"*만기 후 1개월 이하 : 이 예금의 가입 당시 약정금리나 만기시점의 동일 상품, 동일 계약기간의 신규약정금리 중 낮은 금리를 적용
*만기 후 1개월 초과 : 연 0.1%
※ 만기시점의 동일 상품, 동일 계약기간이 없을 경우 가입 당시의 약정금리를 적용","① 8회 이상 당행 입출금통장 통한 자동이체로 납입 시 연 1.8%p 
② 적금 신규일부터 계약상 만기일 전일까지의 입출금통장 평잔 50만원 이상 시 연 1.5%p",1,최초 개설한 예·적금(입출금이 자유로운 예금 포함) 가입일로부터 30일 內 가입,본 상품은 최초 개설한 예·적금 가입일로부터 30일 이내 가입 가능합니다. (30일 경과시 가입 불가),202306211702,200000
1590,웰컴저축은행,1130313506,웰뱅 든든적금,"['인터넷', '스마트폰']","- 만기 후 1개월 이하 : 이 예금의 가입 당시 약정금리나 만기시점의 동일 상품, 동일 계약기간의 신규약정금리 중 낮은 금리를 적용하며, 만기시점의 동일 상품, 동일 계약기간이 없을 경우 가입 당시의 약정금리를 적용
- 만기 후 1개월 초과 : 연 0.1%","- 최초 개설한 예·적금 가입일로부터 30일 이내 본 적금 가입 시 : 연 1.0%p
- 적금 가입 시점 예금주 신용평점에 따라 우대 : 최대 연 3.0%p
▶ 신용평점 850점 이하 ~ 650점 초과(연 1.0%p), 신용평점 650점 이하 ~ 350점 초과 (연 2.0%p), 신용평점 350점 이하 ~ 1점 이상(연 3.0%p)",1,- 만 19세 이상 실명의 개인,"※ 신용평점별 우대금리 적용을 위해 적금 가입 시 개인(신용)정보 조회 동의가 필요하며, 미동의 시 신용평점별 우대금리 적용이 불가합니다. ※ 적금 가입 시점 NICE평가정보를 통해 조회된 신용평점을 기준으로 우대이율이 확정됩니다. ※ 월 최대 불입액 : 30만원",202108131200,300000
1591,웰컴저축은행,1130313507,웰뱅 워킹 적금,['스마트폰'],"- 만기 후 1개월 이하 : 이 예금의 가입 당시 약정금리나 만기시점의 동일 상품, 동일 계약기간의 신규약정금리 중 낮은 금리를 적용
- 만기시점의 동일 상품, 동일 계약기간이 없을 경우 가입 당시의 약정금리를 적용
- 만기 후 1개월 초과 : 연 0.1%","① 연간 걸음수 달성여부에 따른 우대금리 지급
-1백만보 이상 1.0%p 
-2백만보 이상 2.0%p 
-3백만보 이상 3.0%p 
-4백만보 이상 8.0%p 
②6회 이상 당행 입출금 통장을 통한 자동이체로 적금 납입 시 연 1.0%p",1,제한없음,※ 월 최대 불입액 : 20만원,202309180917,200000
1592,웰컴저축은행,1130313561,WELCOME 잔돈모아올림적금,['스마트폰'],"*만기 후 1개월 이하 : 이 예금의 가입 당시 약정금리나 만기시점의 동일 상품, 동일 계약기간의 신규약정금리 중 낮은 금리를 적용
*만기 후 1개월 초과 : 연 0.1% ※ 만기시점의 동일 상품, 동일 계약기간이 없을 경우 가입 당시의 약정금리를 적용","①만기 시 총 불입금 1백만원 이상
②당행 잔돈적립, 타행 잔돈적립 각 4회이상(잔돈적립서비스를 통한 잔돈적립을 의미하며, 동일월 수회 이용시에도 1회납입으로 인정)
※만기올림서비스 : 만기 해지시 세후 원리금을 만원단위로 올려주는 서비스(①,② 모두 충족시 제공)
※잔돈적립서비스 : 사전에 지정한 본인명의 입출금계좌의 잔돈을 적금으로 적립하는 서비스",3,제한없음,타행 잔돈적립을 위한 연결계좌는 당행 오픈뱅킹에 등록된 타행 입출금 계좌 최대 3개 설정 가능합니다. 1회차 납입금액은 제한이 없으나 2회차 이후 납입금액은 매월 초일부터 말일까지의 입금합계액이 가입한도의 10%를 초과할 수 없습니다. (월 최대 불입액 : 50만원),202209271410,5000000
1593,웰컴저축은행,1130313562,웰뱅 잔돈자동적금,['스마트폰'],"*만기 후 1개월 이하 : 이 예금의 가입 당시 약정금리나 만기시점의 동일 상품, 동일 계약기간의 신규약정금리 중 낮은 금리를 적용
*만기 후 1개월 초과 : 연 0.1% ※ 만기시점의 동일 상품, 동일 계약기간이 없을 경우 가입 당시의 약정금리를 적용","①카드 잔돈적립 6회 이상 연 1.0%p
②주간 잔돈적립 6회 이상 연 1.0%p
③타행 잔돈적립 6회 이상 연 1.0%p ※잔돈적립서비스를 통한 잔돈적립을 의미하며, 동일월 수회 이용시에도 1회납입으로 인정
※잔돈적립서비스 : 사전에 지정한 본인명의 입출금계좌의 잔돈을 적금으로 적립하는 서비스",3,제한없음,타행 잔돈적립을 위한 연결계좌는 당행 오픈뱅킹에 등록된 타행 입출금 계좌 최대 3개 설정 가능합니다. 1회차 납입금액은 제한이 없으나 2회차 이후 납입금액은 매월 초일부터 말일까지의 입금합계액이 가입한도의 10%를 초과할 수 없습니다. (월 최대 불입액 : 20만원),202209271410,2000000
1594,웰컴저축은행,1130313563,웰뱅 라이킷(LIKIT) 적금,['스마트폰'],"*만기 후 1개월 이하 : 이 예금의 가입 당시 약정금리나 만기시점의 동일 상품, 동일 계약기간(없을시, 가입 당시 약정금리) 신규약정금리 중 낮은 금리를 적용
*만기 후 1개월 초과 : 가입 당시 영업점 및 인터넷 홈페이지에 고시된 만기 후 1개월 초과 시 금리","① 롯데카드 결제계좌를 당행 입출금통장으로 지정 및 납부실적 3개월 이상 (연 2.0%p)
롯데카드 우대조건
② LOCA LIKIT 카드 누적 이용실적 50만원 이상 (연 7.0%p)
③ LOCA LIKIT 카드 자동이체 납부 실적 3개월 이상 (연 3.0%p)",1,제한없음,"*실적인정기간 : 적금 가입월부터 만기일의 전전월 말일
*단, 실적인정기간 동안 대상 카드(LOCA LIKIT) 교체/해지/탈회 시 우대금리 미적용 (월 최대 불입액 : 30만원)",202312041109,300000
1595,웰컴저축은행,1130315004,WELCOME 디딤돌적금,['영업점'],"*만기 후 1개월 이하 : 이 예금의 가입 당시 약정금리나 만기시점의 동일 상품, 동일 계약기간의 신규약정금리 중 낮은 금리를 적용 
*만기 후 1개월 초과 : 연 0.1% ※ 만기시점의 동일 상품, 동일 계약기간이 없을 경우 가입 당시의 약정금리를 적용",기본금리 3.1% + 우대금리 1.7% = 적용이율 4.8%,1,"사회적배려대상자 (기초생활수급자,소년소녀가장,북한이탈주민,차상위계층 중 본인부담 경감대상자, 한부모가족지원 보호대상자, 장애인연금, 장애수당, 장애아동수당 대상자)","중도해지금리 - 일반중도해지 : 1.6% , 특별중도해지 : 4.8%",202211221046,300000
1596,웰컴저축은행,1130315008,WELCOME 아이사랑 정기적금,"['영업점', '스마트폰']","*만기 후 1개월 이하 : 이 예금의 가입 당시 약정금리나 만기시점의 동일 상품, 동일 계약기간의 신규약정금리 중 낮은 금리를 적용
*만기 후 1개월 초과 : 연 0.1%
※ 만기시점의 동일 상품, 동일 계약기간이 없을 경우 가입 당시의 약정금리를 적용","1) 계약기간의 2/3회 이상 웰컴 입출금통장을 통한 자동이체로 납입 : 4.0%p
2) 가입시점 만 16세이하 가구원수에 따른 우대
- 1명 : 1.0%p
- 2명 : 2.0%p
- 3명 이상 : 5.0%p",1,제한없음,1인당 가입한도 월 10만원 (1인 1계좌),202408301645,100000
1597,웰컴저축은행,1130315009,웰뱅하자 정기적금,"['영업점', '인터넷', '스마트폰']","*만기 후 1개월 이하 : 이 예금의 가입 당시 약정금리나 만기시점의 동일 상품, 동일 계약기간의 신규약정금리 중 낮은 금리를 적용
*만기 후 1개월 초과 : 연 0.1%
※ 만기시점의 동일 상품, 동일 계약기간이 없을 경우 가입 당시의 약정금리를 적용","1) 웰컴 입출금통장에서 CMS/지로 자동납부 월 2건이상 실적이 계약기간의 2/3회 이상 : 3.5%p
2) 웰컴 입출금통장 평잔 실적이 50만원 이상 : 1.0%p",1,제한없음,1인당 가입한도 월 20만원 (1인 1계좌),202408301645,200000
1598,웰컴저축은행,1130315011,웰컴 페이적금,"['영업점', '인터넷', '스마트폰']","*만기 후 1개월 이하 : 이 예금의 가입 당시 약정금리나 만기시점의 동일 상품, 동일 계약기간의 신규약정금리 중 낮은 금리를 적용
*만기 후 1개월 초과 : 연 0.1%
※ 만기시점의 동일 상품, 동일 계약기간이 없을 경우 가입 당시의 약정금리를 적용","1) 계약기간의 2/3회 이상 웰컴 입출금통장을 통한 자동이체로 납입 : 2.0%p
2) 웰컴 입출금통장을 연결하여 거래한 간편결제 또는 체크카드 월평균 이용 실적
- 10만원 이상 30만원 미만 : 1.5%p
- 30만원 이상 50만원 미만 : 2.0%p
- 50만원 이상 : 3.5%p",1,제한없음,"1인당 가입한도 월 30만원 (1인 1계좌, WELCOME 체크플러스2 정기적금 보유자 가입 불가)",202407301016,300000
1599,오케이저축은행,310001,OK정기적금,['영업점'],"-만기 후 1개월 이하: 약정이율 혹은 만기시점 해당상품 이율 중 낮은 이율 
-만기 후 1개월 초과: 연0.1%",없음,1,제한없음,"1. 가입금액: 1만원 이상
2. 영업점전용상품",202211101439,-1
1600,오케이저축은행,310030,OK e-정기적금,"['인터넷', '스마트폰']","-만기 후 1개월 이하: 약정이율 혹은 만기시점 해당상품 이율 중 낮은 이율 
-만기 후 1개월 초과: 연0.1%",없음,1,제한없음,"1. 가입금액: 1만원 이상
2. 인터넷뱅킹, 모바일뱅킹 전용상품",202211101439,-1
